Family,Species Name,1,2,3,4,5,7,8,9,10,11,12,13,14,15,16,17,18,19_ 20,21,22,23_24,25,26_27,28,29,30,31,32_33,34,35,36,LT2,37,LT3,38,LT4,39,LT5,40,41,42,43,44,45,46,47,48,49
Ginglymostomatidae,Ginglymostoma cirratum,,,,,,,,,,,,,,,,,,,r,,,,,,,,,nuc,,,,,,,,,,nuc,,,,,,r,,,,
Carcharhinidae,Carcharhinus limbatus,,,,,,,,,,,,,,,,,,,,,,,,,,,,,,r,,,,,,,,,,,,,,,,,,
,Triaenodon obesus,nuc,,,,,,,,,,,r,,r,,,,c,nuc,r,,,,r,,,,,r,nuc,,r,,r,,,,r,,,r,r,,r,,,,
Narcinidae,Diplobatis ommata,,,,,,,r,,,,,,,,r,,,,,,,,,,,,,r,,,,,,,,,,,,,,,,,,,,
,Narcine entemedor,,,,,,,,,,,,,,,,,,,,,r,,,,,,,,,,,,,,,,,,,,,,,,,,,
Dasyatidae,Dasyatis dipterura,,,,,,,,,,,,,,,,,,,,r,,,,,,,,,,,,,,,,,,,,,,,,,,,,
,Dasyatis longa,,,,,,,,,r,,,,,,,,,,,,r,,,,,,,,,,,,,,,,,,,,,,,,,,,
Myliobatidae,Aetobatus narinari,,,,,,,,,,,,,,,,,,,,,,,,,,,,r,,,,,,,,,,,,,,,,,,,,
,Manta birostris,,,,,,,,,,,,,,,,,,,,,,r,,,,,,r,,nuc,,,,,,,,,,,,,,,,,,
Urotrygonidae,Urobatis halleri,r,,,,,,nur,nuc,r,c,,r,,,,,,,,,,,,,,,,,,,,,,,,,,,,,,,,,,,,
,Urotrygon chilensis,,,,,,,,,,,,,,,,,,,,,,,,,,,,,,,,,,,,,,,,,,,,,,,,r
Elopidae,Elops affinis,,,,,,,,,,,,,,,,,,,,,,,,,,,,,,,,,,c,,,,,,,,,,,,,,
Muraenidae,Anarchias galapagensis,,,nuc,,,,,,c,c,,,c,,,,nuc,c,,,r,,,,c,c,,,,,c,,,,,,,,,,,,,,,,,
,Echidna nebulosa,,,c,,,,,,r,,,r,,,r,,,nuc,r,,,,r,r,,nuc,,r,,,,,r,,nuc,,,,r,,,,,r,,,r,
,Echidna nocturna,,,,,,,,,,,,,,,,,,,,,,,,,,,,,,,,,r,,r,,,,r,,,,,,,,,
,Enchelycore lichenosa,,,,,,,,,,,,,,,,,,,,,,,,,,,,,,,,,,,,,,,,,,,,nuc,,,,
,Enchelycore octaviana,,,,,,,,,nuc,,,,,,,,,r,,,,nuc,,r,nuc,,,nuc,,,,,,,,,,,,,r,,,,,,,
,Gymnomuraena zebra,,,nuc,,r,,r,,nuc,,,,,,r,,,r,,nuc,r,r,,,nuc,nuc,r,r,,,,,,,,,,,r,,r,,,r,,r,,
,Gymnothorax buroensis,,,,,,,,,,,,,,,,c,,,,,,nuc,,,,,,,,,,,,,,,,,,,,,,,,,,
,Gymnothorax castaneus,r,nuc,,r,nuc,c,c,c,c,c,,r,,,c,r,,c,nuc,nuc,,,,nuc,nuc,nuc,c,nuc,nuc,nuc,r,,,,,,,nuc,nuc,nuc,r,,,,,nuc,c,
,Gymnothorax dovii,,,,,nuc,,c,,nuc,,,,nuc,r,r,r,,nuc,,,,,,,,,c,r,,,,,c,,c,r,r,r,nuc,nuc,,,,,,,nuc,
,Gymnothorax flavimarginatus,,,,,,,r,,r,,,r,r,,,,,r,,,,r,,,,,,,,,,,,nuc,,r,,,,,,,,,,r,nuc,
,Gymnothorax javanicus,,,,,,,,,,,,r,,,,,,,,,,,,,,,,,,r,,,,,,,,,,,,,,,,,,
,Gymnothorax panamensis,,,,,,c,,,c,c,,,c,,,c,c,c,,,r,c,,,c,c,,c,,,c,,,,,,,,,nuc,,,,,,c,nuc,
,Gymnothorax undulatus,,,,,,,,r,,,,,,,,c,,nuc,,,r,r,r,,nuc,c,r,r,,,,,,,,r,,,,,,,,,,,,
,Gymnothorax verrilli,,,,,,,,,,,,,,,,,,,,,,,,,,,,,,,,,,,?nuc,,?nuc,,,,,,,,,,,
,Muraena clepsydra,,,,,,,,,,,,,,,,,,,r,,,,,,,,,,,,,,,,,,,,,,,,,,,,,
,Muraena lentiginosa,,,c,,,,,,c,c,,,c,,,,,nuc,nuc,,r,nuc,,r,nuc,,,nuc,,,nuc,,,,,,,r,nuc,nuc,,,,nuc,,c,,
,Scuticaria tigrina,,,,,,,,,,,,,,,,,,,r,,,nuc,,,,,,,,,,,,,,,,,,,,,,,,,,
,Uropterygius macrocephalus,,,,,,,,r,,,,,,,,,,,,,,,,,,,,,,,,,,,,,,,nuc,,,,,,,,,
,Uropterygius versutus,,,,,,,,r,r,,r,,c,,,c,nuc,c,nuc,,nuc,,,,nuc,nuc,,r,,,,,,,,,,r,,nuc,,,,,,,nuc,
Ophichthidae,Apterichtus equatorialis,,,,,,,,,,c,,,c,,,,,r,,,,,,,,,,,,,,,,,,,,,,,,,,,,,,
,Callechelys eristigma,,,,,,,,,,,,,,,,,,,,,,,,,,,,,,,,,,,,,,,,,,,,,,,,c
,Letharchus rosenblatti,,,,,,,,,,,,,,,,,,,,,,,,,,,,,,,r,,,,,,,,,,,,nuc,,,,,
,Myrichthys tigrinus,,,,,,,,,c,c,,,c,,,nuc,,nuc,,,,nuc,,r,,nuc,,,,,,,c,,c,,c,,,,,,,,,r,,
,Myrophis vafer,,,,,,,,,,,,,,,,,,,,,,,,,,,,,,,,,,,c,,c,,,,,,,,,,,
,Ophichthus longipenis,,,,,,,,,,,,,,,,,,,,,,,,,,,,,,,,,,,,,,,,,,,?juv,,,,,
,Paraletharchus pacificus,,,,,,,,,r,,,,c,,,,,,,,r,,,,,,,,,,,,,,,,,,,,,,,,,,,
Congridae,Heteroconger klausewitzi,,,,,,,nuc,,nuc,,,,,,,,,c,,,a,,,r,,,,,,,c,,,,,,,,,,,,,,,,nuc,
,Heteroconger pellegrini,,,,,,,,,,,,,,,,,,,,,c,,,,,,,,,,c,,,,,,,,,,,,,,,,,
Clupeidae,Harengula thrissina,,,,,,,,,,,,,,,,,,,,,,,,,,,,,,,,,,,,,,,,,,,c,,,,,c
,Lile stolifera,,,,,,,,,,,,,,,,,,,,,,,,,,,,,,,,,c,,c,,c,,,,,,,,,,,
,Opisthopterus dovii,,,,,,,,,,,,,,,,,,,,,,,,,,,,,,,,,,,,,,,,,,,c,,,,,
Engraulidae,Anchoa argentivittata,,,,,,,,,,,,,,,,,,,,,,,,,,,,,,,,,,,,,,,,,,,2spp c,,,,,
Chanidae,Chanos chanos,,,,,,,,r,,,,,,,,,,,,,,,,,,,,,,,,,,,,,,,,,,,,c,,,,
Synodontidae,Synodus lacertinus,,,,,,,,nuc,r,r,,,nuc,,r,r,,nuc,,nuc,,,,nuc,c,,r,r,,,,,,,,,,,,,,,,,,c,,
Ophidiidae,Ophidion galeoides,,,,,,,,,,,,,,,,,,,,,,,,,,,,,,,,,,,,,,,,,,,nuc,,,,,
,Petrotyx hopkinsi,,,,,,,,,,,,,,,,,,,,,,,,,,,,nuc,,,,,,,,,,,,,,,,,,,,
Carapidae,Encheliophis new species,,,,,,,,,,,,,,,,,,nuc,,,,,,,,,,,,,,,,,,,,,,,,,,,,,,
Bythitidae,Ogilbia species A,,,,,,,,,,,,,sp,,,sp,sp,sp,,,,sp,,,nuc,,,nuc,,,nuc,,,,,,?nuc,,nuc,,,,,,,sp B r,,
Antennariidae,Antennarius avalonis,,,nuc,,,,,,,,,,,,,,,,,,,,,,,,,,,,,,,,,,,,,r,,,,,,,,
,Antennarius coccineus,,,,,,,,,,,,,,,,,,,,,,,,,,,,,,,nuc,,,,,,,,,,,,,,,,,
,Antennarius commerson,,,,,,,r,,,,,,,,,,,,,,,,,,,,,,,,,,,,,,,,,,,,,,,,,
,Antennarius sanguineus,,,,,nuc,c,,,c,nuc,,,r,,,nuc,r,nuc,,,r,r,r,,nuc,nuc,,nuc,,,,,,,,,,,,,,,,,r,nuc,r,
,Antennatus strigatus,,,,,,,,,,,,,r,,r,,,r,,,,r,r,,nuc,r,,nuc,,,,,,,,,r,,,,,,,,,,,
Gobiesocidae,Arcos rhodospilus,,,,,,,,,,,,,,,,,,,,,,,,,,,,,,,,,,,,,,,nuc,,,,,,,,,
,Tomicodon myersi,,,,,,,,,,,,,,,,,,,,,,,,,,,,,,,,,,,,,,,c,,,,,,,,,
Atherinopsidae,Atherinella argentea,,,,,,,,,,,,,,,,,,,,,,,,,,,,,,,,,c,,,,c,,,,,,,,,,,
,Atherinella nepenthe,,,,,,,,,,,,,,,,,,,,,,,,,,,,,,,,,,,?c,,?c,,,,,,,,,,,?nuc
,Atherinella starksi,,,,,,,,,,,,,,,,,,,,,,,,,,,,,,,,,,,,,,,c,,,,,,,,,c
Poeciliidae,Poeciliopsis elongata,,,,,,,,,,,,,,,,,,,,,,,,,,,,,,,,,c,,c,,c,,,,,,,,,,,
Anablepidae,Oxyzygonectes dovii,,,,,,,,,,,,,,,,,,,,,,,,,,,,,,,,,c,,c,,c,,,,,,,,,,,
Belonidae,Tylosurus crocodilus fodiator,,,,,,,,,,,,,,,,,,,,,nuc,,,,,,,nuc,,,,,,,,,,,,,,,,,,,,
,Tylosurus imperialis melanotus,,,,,,,,,,,,,,,r,,,,,,,,,,,,,,,,,,,,,,,,,,,,,,,,,
Exocoetidae,Cypselurus callopterus,,,,,,,,,,,,,,,r,,,,,,,,,,,,,,,,,,,,,,,,,,,,,,,,,
,Fodiator rostratus,,,,,,,,,,,,,,,,,,,,,,,,,,,,,,,r,,,,,,,,,,,,,,,,,
,Parexocoetus brachypterus brachypterus,,,,,,,,,,,,r,,,,,,,,,,,,,,,,,,,,,,,,,,,,,,,,,,,,
Holocentridae,Myripristis berndti,nuc,nuc,,c,,,,nuc,r,,,c,nuc,c,r,,,nuc,nuc,nuc,nuc,,,nuc,,,r,nuc,nuc,nuc,,nuc,,,,,,c,,,c,c,,c,,nuc,,
,Myripristis leiognathos,c,nuc,,,c,c,c,c,c,c,,c,c,c,c,,,c,c,c,c,c,c,c,c,,c,c,r,c,c,c,,c,,c,,nuc,nuc,,c,c,,c,c,c,c,
,Sargocentron suborbitalis,,c,c,c,,,,nuc,nuc,,,c,c,c,nuc,,,c,nuc,,nuc,,,,,,,c,nuc,nuc,,nuc,,nuc,,nuc,r,c,,,uc,uc,,nuc,nuc,c,,
Aulostomidae,Aulostomus chinensis,,,,,,,,,,,,r,,,,,,,,,,,,,,,,,,,,,,,,,,,,,,,,,,,,
Fistulariidae,Fistularia commersonii,,,,,,,,c,nuc,c,,nuc,,,c,nuc,nuc,c,c,,c,,,nuc,c,,,c,,,,,,,,,,,,,,,,,,,c,
,Fistularia corneta,,,,,,,,,,,,,,,r,,,,,,,,,,,,,,,,,,,,,,,,,,,,,,,,,
Syngnathidae,Cosmocampus arctus,,,,,,,,nuc,,,,r,,,,,,,,,,,,,,,,,,,,,,,,,,,,,,,,,,,,
,Doryrhamphus excisus,,,,,c,c,c,c,c,c,,c,c,r,c,c,c,c,c,r,c,c,c,nuc,c,r,r,c,nuc,r,c,r,,c,,r,,r,,,r,r,,nuc,nuc,c,nuc,
,Hippocampus ingens,,,,,,,,,,,,,r,,,,,r,,,,,,,,,,,,,r,,,,,,,,,,,,,,,,r,
Scorpaenidae,Scorpaena histrio,,,,,,,,,,,,,r,,,,,,,,,r,,,,,,,,,,,,,,,,r,,,,,,,,,,
,Scorpaena plumieri mystes,,,,,r,c,r,,c,c,,,nuc,,r,nuc,nuc,uc,r,,nuc,,,,r,,r,c,,,nuc,,,,,r,r,,,r,r,,,r,r,r,r,r
,Scorpaena russula,,,,,,,r,,,,,,,,,,,,,,,,,,,,,,,,,,,,,,,,,,,,,,,,,
,Scorpaena sonorae,,,,,,,,,,,,,,,,,,,,,,,,,,,,,,,,,,,,,,,,,,,,,,c,,
,Scorpaenodes xyris,,,,,ncu,c,nuc,,c,c,,,c,,r,c,c,c,c,,c,c,c,c,c,c,c,c,,,c,nuc,,c,,c,nuc,,,nuc,nuc,nuc,,,,,nuc,
Centropomidae,Centropomus medius,,,,,,,,,,,,,,,,,,,,,,,,,,,,,,,,,,,c,,c,,,,,,,,,,,
,Centropomus nigrescens,,,,,,,,,,,,,,,,,,,,,,,,,,,,,,,,,?c,,,,,,,,,,,,,,,
,Centropomus robalito,,,,,,,,,,,,,,,,,,,,,,,,,,,,,,,,,,,c,,,,,,,,,,,,,
,Centropomus unionensis,,,c,,,,,,,,,,,,,,,,,,,,,,,,,,,,,,,,c,,,,,,,,,,,,,
Serranidae,Alphestes immaculatus,,,,,,nuc,,nuc,,c,,,,,,,,,,,,,,,,,,,,,,,,,,,r,,,r,,,,,,,r,
,Alphestes multiguttatus,,,,,,,,,c,,,,r,,,,,,r,,,,,,,,,,,,,,,,,,,,,,,,,,,,r,
,Cephalopholis panamensis,nuc,nuc,c,c,c,c,c,c,c,c,,c,c,,c,c,c,c,c,r,c,c,c,c,c,c,c,c,c,c,c,c,,c,,c,,c,,nuc,c,c,,c,c,c,c,
,Dermatolepis dermatolepis,,,,,r,,r,nuc,,,,nuc,,nuc,,,,nuc,r,nuc,nuc,,,r,nuc,,,r,nuc,nuc,,,,nuc,,nuc,,nuc,,,,,,nuc,nuc,,nuc,
,Epinephelus itajara,,,,,,,,,,,,,,,,,,,,,,,,,,,,,,,,,,,,,r,,,,,,,,,,,
,Epinephelus labriformis,c,nuc,c,c,c,c,c,c,c,c,,c,c,,c,c,c,c,c,c,c,c,c,c,c,c,c,c,c,c,c,c,nuc,c,c,c,,c,c,c,c,c,,c,c,c,c,
,Mycteroperca xenarcha,,,,,,,,,,,,,,,,,,,,,,,,,,,,,,,,,,,r,,,,,,,,,,,,,
,Paranthias colonus,c,,,,c,nuc,c,c,,,,c,c,c,c,,c,c,c,a,c,,c,a,a,c,a,a,a,a,,a,,a,,c,,a,,c,a,a,,a,,,a,
,Pseudogramma thaumasium,,,,,,c,,,c,c,,,c,,,c,c,r,,,,c,c,,c,c,,c,,,c,,,c,,nuc,,,,,,,,,,c,nuc,
,Rypticus bicolor,,r,,,nuc,c,nuc,nuc,c,c,,nuc,c,nuc,c,c,c,c,c,nuc,,c,c,c,c,r,r,c,nuc,nuc,nuc,r,,,,nuc,,,r,,r,r,,nuc,nuc,nuc,r,
,Rypticus nigripinnis,,,,,,,,,,,,,,,,,,,,,,,,,,,,,,,,,,,c,,nuc,,,,,,,,,,,
,Serranus psittacinus,c,,,nuc,,c,c,c,c,c,,c,c,c,c,c,c,c,c,c,c,c,c,c,c,c,c,c,,,c,,,c,,c,r,,r,nuc,,,,,nuc,c,c,c
Opistognathidae,Opistognathus panamaensis,,,,,,,,,r,,,,nuc,,,,,,,,,,,r,,,,,,,,,,,,,,,,,,,,,,,nuc,
,Opistognathus punctatus,,,,,,,,,,,,,,,,,,,,,c,,,,,,,,,,,,,,,,,,,,,,,,,,,
,Opistognathus rhomaleus,,,,,,,,,,,,,,,,,,,,,sp,,,,,,,,,,,,,,,,,,,,,,,,,,,
Apogonidae,Apogon dovii,c,nuc,nuc,nuc,c,c,c,c,c,c,,c,c,c,c,c,c,c,c,nuc,nuc,c,c,c,c,c,c,c,c,c,c,c,,c,,c,nuc,c,nuc,nuc,c,c,,c,c,c,c,
,Apogon pacificus,,,,,c,,nuc,c,,c,,c,c,c,c,,nuc,c,,,c,,,c,c,,c,c,c,c,,c,,c,,nuc,,,,,nuc,,,,,,nuc,
,Apogon retrosella,,,,,,,,,,,,,,,,,,,r,,,,,,,,,,,,,,,,,,,,,,,,,,,,,
Malacanthidae,Malacanthus brevirostris,c,,,,,,c,nuc,,,,nuc,,nuc,r,,nuc,c,c,nuc,c,,,nuc,nuc,,,nuc,,,,,,nuc,,,,,,nuc,,,,,,,nuc,
Carangidae,Caranx caballus,,c,,,,c,c,c,,,,c,,c,c,,c,c,c,c,c,,,c,c,,c,c,c,c,,c,,c,,,,,,nuc,nuc,,,,,,c,
,Caranx caninus,,,,,c,r,,,,,,,,,,,,,r,,,,,,,,,r,r,,,,,,,r,,,,,,r,c,,,,,
,Caranx melampygus,c,c,,c,c,,,,,,,c,c,c,,,,c,c,c,c,,,c,,,nuc,r,c,c,,,,nuc,,nuc,,c,,,c,nuc,,,c,,c,
,Caranx sexfasciatus,,c,,,c,,,c,,,,c,,,c,,c,c,c,c,c,,,,,,c,,c,c,,,c,r,c,,c,c,,,,,,c,,,c,
,Caranx speciosus,,,,,,,,,,,,c,,c,,,,,c,,c,c,c,nuc,,,,,nuc,nuc,,,,nuc,,nuc,,nuc,,,,,,nuc,,,nuc,
,Caranx vinctus,,,,,,,,,,,,,,,,,,,,,,,,,,,,,,,,,,,,,,,,,,,j nuc,,,,,nuc
,Decapterus macarellus,,,,,,,,,,,,sp,,,sp,,,,,,,,,,,,sp,,,sp,,,,sp,,,,,,,,,,,,,,
,Elagatis bipinnulata,,,,,,,,c,,,,c,,,,,,,c,c,,,,,,,c,nuc,nuc,nuc,,,,r,,,,c,,,c,,,c,,,c,
,Seriola rivoliana,,,,,,,,,,,,c,,,,,,,,nuc,r,,,,,,,,,,,,,,,,,,,,r,,,,,,,
,Trachinotus rhodopus,,,,,,,c,nuc,,c,,c,c,c,nuc,,,nuc,,,nuc,,,,,,c,c,,nuc,,,,,,,,nuc,,,nuc,,j nuc,c,,,,c
Lutjanidae,Hoplopagrus guentherii,,nuc,,c,,,,,,,,nuc,nuc,nuc,r,,,nuc,,,,,,,,,r,r,,,,,c,nuc,nuc,r,nuc,r,,,,,,nuc,,,nuc,
,Lutjanus aratus,,c,,,c,,,,,,,,,,,,,nuc,,,,,,,,,r,,,,,,c,,c,,,,,,,,,r,,,,
,Lutjanus argentiventris,c,c,c,c,c,c,c,c,c,c,,c,c,c,c,r,c,c,a,c,c,c,c,c,c,,c,c,c,c,nuc,c,c,c,c,c,c,c,,nuc,c,c,,c,nuc,c,c,
,Lutjanus guttatus,,,,c,,,,,,,,,,c,,c,,,,,nuc,,c,,,,,r,nuc,,,,,c,r,nuc,r,,,,,,,,c,,,nuc
,Lutjanus inermis,,c,,c,,,,c,,,,c,,c,,,,nuc,,,,,,,,,,,c,,,,,,,,,c,,,,,,,,nuc,,
,Lutjanus novemfasciatus,,c,c,nuc,c,,,,,,,nuc,,nuc,,,,r,nuc,nuc,r,,,r,,,nuc,nuc,c,nuc,,,nuc,nuc,c,r,c,c,nuc,,,,,nuc,,nuc,,
,Lutjanus viridis,c,c,,c,,,,c,,c,,c,c,c,,,,c,,,c,nuc,,,,,c,,c,c,,c,,c,,,,c,,nuc,c,nuc,,c,,,,
Gerreidae,Diapterus peruvianus,,,,,,,,,,,,,,,,,,,,,,,,,,,,,,,,,c,,c,,,,,,,,,,,,,
,Eucinostomus californiensis,,,c,,,,,,,,,,,,,,,,,,,,,,,,,,,,,,,,,,c,,,,,,c,,,,,nuc
,Eucinostomus currani,,,,,,,,,,,,,,,,,,,,,,,,,,,,,,,,,c,,c,,c,,,,,,c,,,,,
,Eucinostomus entomelas,,,,,,,,,,,,,,,,,,,,,,,,,,,,,,,,,,,,,,,,,,,,,,,,nuc
,Gerres cinereus,,,,,,,,,,,,,,,,,,,c,,,,,,,,,,,,,,,,,,,,,,,,,,,,,
Haemulidae,Anisotremus caesius,,nuc,,c,,,,,,,,,,,,,,,,,,,,,,,,,,,,,,,,,,,,,,,,,,nuc,,
,Anisotremus interruptus,,,,,,,nuc,nuc,,,,nuc,,nuc,,,,nuc,nuc,nuc,nuc,,,nuc,,,r,,,nuc,,,,,,,,,,,,,,nuc,,,,
,Anisotremus taeniatus,,,,,,,,c,,,,c,,,r,,,,,,nuc,,,,,,,,,nuc,,,,,,,,,,,,,,,,,r,
,Haemulon flaviguttatum,,,,c,,,,,,,,,,,,,,,,,,,,,,,,,,,,,,,,,,,,,,,,,,c,,
,Haemulon maculicauda,,,,c,,c,c,c,,,,c,,c,c,,c,a,a,,c,c,c,nuc,,c,nuc,c,c,c,,c,,c,,c,,c,,,c,c,,,,c,c,nuc
,Haemulon scudderi,,,,c,,,,,,,,,,,r,,,c,,,,,,,,,,,,,,,,,c,,nuc,,,,,,,,,,,
,Haemulon sexfasciatum,,nuc,,c,,,,,,,,,,,,,,,r,,,,,,,,,,,,,,,r,,,,,,,,,,,,,,
,Haemulon steindachneri,,,,,,,,,,,,,,,c,,,,nuc,,,,,,,,,,,,,,,,,,nuc,,,,,,,,,,,
,Haemulopsis leuciscus,,,,,,,,,,,,,,,,,,,,,,,,,,,,,,,,,,,,,,,,,,,nuc,,,,,
,Microlepidotus brevipinnis,,,,,,,,,,,,,,,,,,,,,,,,,,,,,,,,,,,,,,,,,,,,,,,,n
,Pomadasys bayanus,,,,,,,,,,,,,,,,,,,,,,,,,,,,,,,,,c,,,,,,,,,,,,,,,
,Pomadasys branickii,,,,,,,,,,,,,,,,,,,,,,,,,,,,,,,,,r,,c,,nuc,,,,,,,,,,,
,Pomadasys macracanthus,,,,,,,,,,,,,,,,,,,,,,,,,,,,,,,,,,,c,,,,,,,,,,,,,
,Xenichthys xanti,,,,,,,,,,,,,,,,,,,,,,,,,,,,,,,,,,,,,,,,,,,nuc,,,,,
Sciaenidae,Odontoscion xanthops,,,,,,,,,,,,,,,,,,,,,,,,,,,,,,,,,,,,,,,,,,,,,,nuc,,
,Umbrina dorsalis,,,,,,,,,,,,,,,,,,,,,,,,,,,,,,,,,,,,,,,,,,,,,,,,nuc
Polynemidae,Polydactylus approximans,,,,,,,,,,,,,,,,,,,,,,,,,,,,,,,,,,,,,,,,,,,nuc,,,,,
Mullidae,Mulloidichthys dentatus,,nuc,,c,c,c,c,c,,c,,c,c,c,,c,c,c,c,nuc,c,c,c,c,,,,,,,,,,nuc,,nuc,,c,,,nuc,,,,,c,nuc,
,Mulloidichthys vanicolensis,,,,,,,,,,,,,,,,,,,,,,,,,,,,,c,,,,,,,,,,,,,,,,,,,
Kyphosidae,Kyphosus analogus,c,c,,,,,,,,,,,,,,,,,c,,nuc,,,,,,nuc,nuc,nuc,,,,,nuc,,,,r,,,,,,,nuc,,nuc,
,Kyphosus elegans,,c,,c,c,c,c,c,,c,,c,c,c,c,,c,c,c,c,c,,,,,,c,c,,,,,,c,,,,c,,nuc,nuc,,,c,c,c,c,
,Sectator ocyurus,,c,,r,,,,c,,,,c,,,c,,c,c,c,c,,,,c,,,c,,c,c,,,,c,,nuc,,c,,,,,,c,,,c,
Chaetodontidae,Chaetodon humeralis,r,,,nuc,,c,c,nuc,r,c,,c,nuc,c,,,c,c,c,,nuc,c,c,c,c,,,c,c,c,,nuc,,nuc,,nuc,,nuc,,,c,nuc,,,c,c,,
,Johnrandallia nigrirostris,nuc,nuc,,c,c,c,c,c,c,c,,c,c,c,c,,c,c,c,c,c,c,c,c,c,c,c,c,c,c,,c,,c,,c,,c,,nuc,c,c,,c,c,c,c,
Pomacanthidae,Holacanthus passer,c,nuc,nuc,c,c,c,c,c,c,c,,c,c,c,c,c,c,c,c,c,c,c,c,c,c,c,c,c,c,c,c,nuc,,c,,c,,c,,nuc,c,c,,c,c,c,c,
,Pomacanthus zonipectus,,,,,,,,nuc,,,,nuc,,nuc,nuc,,nuc,,nuc,,,nuc,r,r,,,,nuc,r,r,nuc,,,nuc,,nuc,,,,r,,,,,nuc,,nuc,
Cirrhitidae,Cirrhitichthys oxycephalus,c,c,,c,c,c,c,c,c,c,,c,c,c,c,c,c,c,c,c,c,c,c,a,c,c,a,a,a,a,a,a,,c,,a,,c,nuc,c,a,a,,a,a,c,a,
,Cirrhitus rivulatus,nuc,nuc,,nuc,c,c,c,c,,c,,c,c,c,c,,,c,,c,nuc,,,r,,,c,c,nuc,nuc,,nuc,,nuc,,r,,nuc,,,nuc,nuc,,c,c,nuc,c,
,Oxycirrhites typus,,,,,,,,,,,,,,,,,,,,,nuc,,,,,,nuc,,,r,,,,,,,,,,,,,,,,,,
Mugilidae,Agonostomus monticola,,,,,,,,,,,,,,,,,,,,,r,,,,,,,,,,,,,,,,,,,,,,,,,,,
,Mugil curema,,,c,,,,,,,,,,,,,,,,,,,,,,,,,,,,,,c,,c,,c,,,,,,,,,,,nuc
Pomacentridae,Abudefduf concolor,,,c,,,,,c,,c,,,,,,,,nuc,,,,,,,,,,,,,,,c,,,,,,c,,,,,,,,,
,Abudefduf troschelii,c,c,c,c,c,c,c,c,c,c,,c,c,c,c,,,c,c,,c,c,c,c,,,c,c,,c,,c,,c,c,c,nuc,c,c,,c,,,,c,c,c,
,Chromis atrilobata,c,c,,c,a,c,a,c,c,c,,a,a,a,c,c,c,a,a,a,a,a,a,a,c,c,a,a,a,a,a,a,,c,,a,,a,,c,a,a,,a,a,c,a,
,Microspathodon bairdii,c,,,,,nuc,c,nuc,,c,,,,,r,,,nuc,,,,,,nuc,,,,nuc,,,,,,,,,,,,,,,,,,,nuc,
,Microspathodon dorsalis,c,nuc,,c,c,nuc,c,c,,c,,c,c,c,c,c,,c,c,c,c,,,,,,c,c,c,c,,nuc,,c,,,,c,,,c,nuc,,c,,c,c,
,Stegastes acapulcoensis,c,nuc,c,c,nuc,c,c,c,c,c,,c,c,c,c,c,c,c,c,,c,c,c,c,c,c,r,c,c,c,,c,,c,,c,nuc,c,c,,,,,,r,c,r,
,Stegastes flavilatus,c,c,c,c,c,c,c,c,c,c,,c,c,c,c,c,c,c,c,c,c,c,c,c,c,c,c,c,c,c,c,c,,c,,c,nuc,c,c,c,c,c,,c,c,c,c,r
Labridae,Bodianus diplotaenia,c,nuc,,c,c,c,c,c,c,c,,c,c,c,c,c,c,c,c,c,c,c,c,c,c,,c,c,c,c,c,c,,c,,c,,c,,c,c,c,,c,c,c,c,
,Halichoeres aestuaricola,,,,,,,,,,,,,,,,,,,,,,,,,,,,,,,,,,,nuc,,,,,,,,,,,,,
,Halichoeres chierchiae,c,c,,c,,c,c,c,c,c,,c,c,c,c,c,c,c,c,,c,c,c,c,c,c,c,c,c,c,,c,,c,,c,,c,,c,c,c,,nuc,c,c,c,
,Halichoeres dispilus,,nuc,,c,c,c,c,c,c,c,,c,c,c,c,c,c,c,c,,c,c,c,c,c,c,c,c,c,c,c,c,,c,,a,,,,c,nuc,c,,nuc,c,c,c,
,Halichoeres melanotis,nuc,,,c,c,c,c,c,c,c,,c,,c,c,,,c,c,,c,c,c,c,c,,,c,,,,,,c,,c,,,,,,,,,,,c,
,Halichoeres nicholsi,,nuc,,c,,c,c,c,,c,,c,nuc,c,nuc,,,c,,,c,c,nuc,nuc,,,uc,c,nuc,nuc,,nuc,,nuc,,nuc,,nuc,,nuc,nuc,nuc,,,,c,nuc,
,Halichoeres notospilus,nuc,nuc,,c,,c,c,c,,,,c,nuc,c,,,,c,c,,,,,,,,,c,,,,,r,,,,c,,r,,,,,,nuc,c,nuc,
,Iniistius pavo,,,,,,,nuc,,,,,nuc,,nuc,,,,nuc,nuc,,nuc,,,,,,,c,,,,,,,,,,,,,,,,,,,nuc,
,Novaculichthys taeniourus,,,,,r,c,c,nuc,,nuc,,r,,nuc,r,,,nuc,c,,c,c,nuc,c,c,,,c,,,,nuc,,nuc,,,,r,,,,r,,,,,c,
,Thalassoma grammaticum,,,,c,,,,,,,,,,r,,,,,,,,,nuc,,,,,,,,,,,,,,,,,,,,,,,,,
,Thalassoma lucasanum,a,c,c,c,a,c,c,c,c,c,,a,a,a,a,c,c,c,c,a,a,a,a,a,a,a,a,a,a,a,c,a,,a,,a,nuc,a,c,c,a,a,,a,a,a,a,
,Xyrichtys perlas,,,,,,,,,,,,,,,,,,,,,nuc,,,,,,,,,,,,,,,,,,,,,,,,,,,
Scaridae,Scarus compressus,,nuc,,c,,,,r,,,,,,,r,,,,nuc,,,,,r,,,r,nuc,,,,,,,,,,,,,,,,,,,nuc,
,Scarus ghobban,,,,c,nuc,c,c,c,c,c,,c,nuc,,,c,nuc,c,c,,nuc,c,c,c,c,c,nuc,c,nuc,,,,,c,,c,,,,nuc,nuc,,,c,c,,c,
,Scarus perrico,,c,,c,,,,c,c,,,,,,,,,,,,,,,,,,,nuc,,,,,,,,,,,,,r,,,,,,r,
,Scarus rubroviolaceus,c,c,,c,c,c,c,c,c,c,,c,c,c,c,,c,c,c,nuc,c,c,c,c,c,c,c,c,c,c,,c,,c,,c,,nuc,,c,c,c,,c,c,c,c,
Tripterygiidae,Axoclinus lucillae,c,,,c,c,c,c,c,c,c,,c,c,c,c,,,c,nuc,nuc,nuc,nuc,nuc,c,c,,c,c,nuc,nuc,,c,,,,,,,,,c,c,,nuc,,c,c,
,Enneanectes carminalis,,,,,,r,,,,,,,nuc,,,,,,,,nuc,,,,,,,,,,nuc,,,,,,,,,,,,,,,nuc,,
,Lepidonectes clarkhubbsi,,,,,nuc,,c,,c,c,,c,nuc,,c,,,c,,,,,,c,c,,nuc,c,c,c,,c,,c,,,,,,,,c,,r,,,nuc,
Labrisomidae,Dialommus macrocephalus,,,r,,,,,,,,,,,,,,,,,,,,,,,,,,,,,,,,,,,,c,,,,,,,,,
,Labrisomus multiporosus,,,r,,,,,,,,,,,,,,,,,,,,,,,,,,,,,,,,,,,,,,,,,,,,,
,Malacoctenus ebisui,c,c,c,c,c,c,c,c,c,c,,c,c,c,c,,c,c,nuc,nuc,c,c,r,,c,,c,c,nuc,nuc,,c,,nuc,,,,nuc,,nuc,c,c,,c,c,,,c
,Malacoctenus margaritae,,,,,,,,,,,,,,,,,,,,,nuc,,,nuc,,,c,c,c,c,c,,,c,,,,,r,,,,,,,c,c,
,Malacoctenus tetranemus,,,,,,r,c,,,,,,c,,nuc,,,,,,,nuc,,,,,,,,,c,r,,,,,,,,,,r,,nuc,nuc,,,
,Malacoctenus zonifer,nuc,,c,,,nuc,c,c,,,,c,c,,c,,,,,,c,,,,,,,,,,,nuc,,,r,,,,c,,,nuc,,,,nuc,c,
,Paraclinus mexicanus,,,nuc,,,,,,,,,,,,,,,,,,,,,,,,,,,,,,,,c,,,,nuc,,,,,,,nuc,,
,Paraclinus monophthalmus,,,,,,,,,,,,,,,,,,,,,,,,,,,,,,,,,,,,,,,r,,,,,,,,,
,Starksia fulva,,,,,,c,,,c,c,,,nuc,,r,c,r,,,,nuc,nuc,nuc,,c,c,,c,,,c,,,nuc,,nuc,,,,,r,,,,,,,
Chaenopsidae,Acanthemblemaria exilispinus,,,,,nuc,c,,c,c,c,,c,c,c,nuc,,,c,c,nuc,c,c,c,c,c,,c,c,c,c,c,c,,c,,c,,nuc,,r,c,c,,,,c,c,
,Acanthemblemaria hancocki,c,c,,c,c,c,c,c,c,c,,c,c,c,c,,c,c,c,c,c,c,c,c,c,,c,c,c,c,r,c,,c,,r,,nuc,,,c,,,c,c,c,c,
,Chaenopsis species A,,,,,,,,,,,,,,,,,,,,,nuc,nuc,nuc,,,,,,,,,,,,,,,,,,,,,,,,,
,Coralliozetus springeri,,,,,,,c,,,,,,,,,,,,,nuc,nuc,,,,,,,,,,,,,,,,,,,,,,,,,,c,
,Ekemblemaria myersi,,r,,,,,,,,,,,,r,,,,,,,,,,,,,,,,,c,,,,,,,,,,,,,,,nuc,,
,Emblemaria piratica,,,,,,,,,,,,,,,,,,,,,,,,,,,,,,,nuc,,,,,,,,,,,,,,,,,
,Mccoskerichthys sandae,,,,,c,,,c,c,,,c,c,c,c,,nuc,c,,,c,,,c,c,,c,,c,c,,c,,c,,,,c,,c,c,c,,,,,c,
,Protemblemaria bicirris,,,,,,,,,,,,,,,,,,,,,,,,,,,,,,,nuc,,,,,,,,,,,,,,,,,
Dactyloscopidae,Dactyloscopus byersi,,,,,,,,,,,,,,,,,,,,,,,,,,,,,,,,,,,,,c,,,,,,,,,,,
,Dactyloscopus metoecus,,,,,,,,,,,,,,,,,,,,,,,,,,,,,,,,,,,,,,,,,,,,,,,,
,Dactyloscopus minutus,,,,,,,,,,,,,,,,,,,,,,,,,,,,,,,,,,,,,,,,,,,,,,?c,,
,Dactyloscopus pectoralis,,,,,,,,,,,,,,,,,,,,,,,,,,,,,,,,,,,,,,,,,,,,,,,,
,Gillellus semicinctus,,,,,,,,,,,,,,,,,,,,,,,,,,,,,,,,,,,,,,,,,,,,,,,,
,Heteristius cinctus,,,,,,,,,,,,,,,,,,,,,,,,,,,,,,,c,,,,,,,,,,,,r,,,,,
,Myxodagnus opercularis,,,,,,,,,,,,,,,,,,,,,,,,,,,,,,,,,,,,,,,,,,,,,,,,
,Platygillellus altivelis,,,,,,,,,r,,,,r,,,,,,,,,,,,,,,r,,,,,,,,,,,,,,,,,,,,
,Platygillellus bussingi,,,,,,,,,,,,,,,,,,,,,,,,,,,,,,,,,,,,,,,,,,,,,,c,,
Blenniidae,Entomacrodus chiostictus,,,,,,,nuc,,,,,,,,,,,,,,,,,,,,,,,,,,,,,,,,,,,,,,,,,
,Hypsoblennius brevipinnis,nuc,,,c,c,,c,c,,,,c,,c,c,,,c,,,,,,,,,nuc,nuc,,,,,,,,,,,,,,,,nuc,,,,
,Hypsoblennius striatus,,,,,,,,,,,,,,,,,,,,,,,,,,,,,,,,,,,?nuc,,,,,,,,,,,,,
,Ophioblennius steindachneri,c,c,c,c,c,c,c,c,c,,,c,c,c,c,,c,c,c,c,c,c,nuc,c,c,,c,c,c,c,c,c,,c,,nuc,,nuc,c,,r,r,,,,nuc,c,
,Plagiotremus azaleus,c,,,,,,c,,,c,,c,,c,,,,,,c,c,,,c,,,c,c,c,c,nuc,,,,,,,,,,,,,,,,c,
Eleotridae,Dormitator latifrons,,,c,,,,,,,,,,,,,,,,,,,,,,,,,,,,,,,,,,,,,,,,,,,,,
,Eleotris picta,,,c,,,,,,,,,,,,,,,,,,,,,,,,,,,,,,c,,r,,,,,,,,,,,,,
,Erotelis armiger,,,,,,,,,,,,,,,,,,,,,,,,,,,,,,,,,c,,,,c,,,,,,,,,,,
Gobiidae,Bathygobius andrei,,,c,,,,,,,,,,,,,,,,,,,,,,,,,,,,,,c,,c,,c,,,,,,,,,,,
,Bathygobius ramosus,,,,,,,,,,,,,,,,,,,,,,,,,,,,,,,,,,,r,,,,nuc,,,,,,,,,
,Coryphopterus urospilus,,,,nuc,,,c,c,c,c,,c,,c,,c,c,,c,c,c,c,c,c,c,,c,c,c,c,c,c,,c,,c,,nuc,,nuc,c,c,,,c,c,c,
,Elacatinus inornatus,,,,,c,nuc,nuc,,nuc,c,,nuc,nuc,nuc,nuc,,,c,c,,nuc,nuc,,nuc,c,,nuc,nuc,r,r,r,,,r,,,,,,r,r,,,,,r,nuc,
,Elacatinus punticulatus,,,,,c,nuc,,,c,,,c,c,c,c,,c,c,c,c,c,,,c,c,,c,c,c,c,,c,,a,,nuc,,nuc,,nuc,c,nuc,,nuc,nuc,,c,
,Evorthodus minutus,,,nuc,,,,,,,,,,,,,,,,,,,,,,,,,,,,,,,,,,,,,,,,,,,,,
,Gobionellus microdon,,,c,,,,,,,,,,,,,,,,,,,,,,,,,,,,,,,,,,,,,,,,,,,,,
,Gobiosoma paradoxum,,,,,,,,,,,,,,,,,,,,,,,,,,,,,,,,,,,c,,r,,,,,,,,,,,
,Gobulus hancocki,,,,,,,,,,,,,,,,,,,,,,,,,,r,,,,,,,,,,,,,,,,,,,,,,
,Lythrypnus rhizophora,,,,,?,,,,,,,nuc,,,,,,c,,,,r,,c,,,nuc,,,nuc,,,,,,,,,,,,,,,,,,
,Microgobius crocatus,,,,,,,,,,,,,,,,,,,,,,,,,,,,,,,,,r,,,,nuc,,,,,,,,,,,
Microdesmidae,Cerdale ionthas,,,,,,,,,,,,,,,,,,,,,,,,,,,,,,,,,?r,,nuc,,c,,,,,,,,,,,
,Clarkichthys bilineatus,,,,,,,,,,,,,,,,,,,,,,,,,,,,,,,,,r,,,,,,,,,,,,,,,
,Microdesmus dorsipunctatus,,,,,,,,,,,,,,,,,,,,,,,,,,,,,,,,,?r,,,,,,,,,,,,,,,
,Ptereleotris carinata,,,,,,,,,,,,,,,,,,,,,,c,c,,,,,,,,,,,,,,,,,,,,,,,,,
Ephippididae,Chaetodipterus zonatus,,,,,c,,,,,,,,,,c,,,,c,,,,,,,,,,,,,,,,,,,,,,,,,c,,,,
Zanclidae,Zanclus cornutus,nuc,,,c,c,,c,c,,,,c,,c,,,,c,c,nuc,nuc,c,c,nuc,c,nuc,c,c,,,,c,,c,,c,,c,,,c,c,,c,c,c,c,
Acanthuridae,Acanthurus nigricans,c,nux,,c,,nuc,,c,,,,c,nuc,c,nuc,,,nuc,r,nuc,nuc,nuc,,nuc,,,,c,nuc,,,nuc,,c,,,,nuc,,r,c,nuc,,nuc,c,nuc,nuc,
,Acanthurus triostegus triostegus,r,c,c,c,,,,c,c,c,,c,nuc,c,,,,,,,nuc,,c,,,,,,,,,,,,,,,r,,,,,,,,c,c,
,Acanthurus xanthopterus,c,a,,c,a,c,c,c,c,c,,c,c,c,c,,c,c,c,c,c,c,c,c,c,c,c,c,c,c,c,nuc,r,a,nuc,c,r,c,r,,c,nuc,,c,c,c,c,
,Ctenochaetus marginatus,nuc,,c,c,,,,,,,,,,,,,,,nuc,,,,,,,,,,nuc,,,,,,,,,nuc,,,,,,,,,,
,Prionurus laticlavius,c,c,,c,c,c,,c,,,,c,c,c,c,,c,c,c,c,c,c,c,nuc,c,,c,c,c,c,,,,c,,nuc,,c,,,c,,,nuc,nuc,nuc,c,
Sphyraenidae,Sphyraena ensis,,,,,,,,,,,,,,,,,,,,,,,,,,,,c,,,,,,,,,,,,,,,,,,,,
,Sphyraena qenie,,,,,c,,,,,,,,,,,,,,,c,,,,,,,,,,c,,,,,,,,,,,,,,,,,,
Scombridae,Thunnus albacares,,,,,,,,,,,,,,,,,,,,r,,,,,,,,,,,,,,,,,,,,,,,,,,,,
Paralichthyidae,Citharichthys gilberti,,,,,,,,,,,,,,,,,,,,,,,,,,,,,,,,,,,r,,nuc,,,,,,,,,,,
,Cyclopsetta panamensis,,,,,,,,,,,,,,,,,,,,,,,,,,,,,,,,,nuc,,,,,,,,,,,,,,,
Bothidae,Bothus leopardinus,,,,,,,,,,,,,,,,,,,,,,,,,,,,,,,,,,,,,,,,,,,,,,,,
Cynoglossidae,Symphurus callopterus,,,,,,,,,,,,,,,,,,,,,,,,,,,,,,,,,,,,,,,,,,,,,,,,
,Symphurus melanurus,,,,,,,,,,,,,,,,,,,,,,,,,,,,,,,r,,,,,,,,,,,,nuc,,,,,
,Symphurus undecimplerus,,,,,,,,,,,,,,,,,,,,,,,,,,,,,,,r,,,,,,,,,,,,,,,,,
,Symphurus new species,,,,,,,,,,,,,,,,,,,,,,,,,,,,,,,,,,,r,,,,,,,,,,,,,
Balistidae,Balistes polylepis,,,,,,,r,,,,,c,,nuc,c,,,,,nuc,nuc,,,,,,c,c,,,,,,,,,,,,,,,,,,,,
,Melichthys niger,c,,,,,,,,,,,,,r,,,,nuc,,,nuc,,,,,,,,,,,,,,,,,nuc,,,,,,,,,,
,Melichthys vidua,,,,,,,,,,,,,,,,,,,,,,,,,,,,,,,,,,,,,,,,,,,,,,,,
,Pseudobalistes naufragium,nuc,nuc,,nuc,nuc,nuc,nuc,,,,,c,nuc,c,c,,c,c,c,nuc,c,c,nuc,nuc,,,c,c,c,c,,nuc,,c,?r,r,,nuc,,r,nuc,nuc,,nuc,nuc,,,
,Sufflamen verres,c,c,,c,c,c,c,,c,,,c,c,c,c,,c,c,c,a,a,a,a,c,,,a,a,a,a,c,c,,a,,c,,a,,c,c,c,,a,a,c,,
Monacanthidae,Aluterus scriptus,,,,,r,,,r,,,,,,,r,,,,r,,,,,nuc,,,r,,,,,,,,,,,r,,,,,,,,,,
Ostraciidae,Ostracion meleagris meleagris,nuc,,,,nuc,,,r,,,,nuc,,nuc,nuc,c,c,nuc,nuc,,nuc,,,nuc,,,,r,nuc,c,r,nuc,,r,,,,nuc,,,nuc,nuc,,nuc,nuc,nuc,nuc,
Tetraodontidae,Arothron hispidus,nuc,,r,,r,,nuc,nuc,,,,c,,nuc,nuc,c,c,c,c,r,nuc,c,c,c,c,c,c,c,c,c,,nuc,c,c,c,c,c,c,,nuc,nuc,nuc,,nuc,c,nuc,c,
,Arothron meleagris,c,,,,c,c,c,c,,,,c,c,c,c,,,c,c,c,c,c,c,c,c,c,c,c,c,c,,nuc,,c,,nuc,,c,,,c,nuc,,nuc,c,c,r,
,Canthigaster janthinopterus,,c,c,,,,,,,,,,,,,,,,,,,,,,,,,,,,,,,,,,,,,,,,,,,,,
,Canthigaster punctatissima,c,,,c,c,a,c,a,c,c,,c,c,c,c,c,c,c,a,c,a,a,a,a,a,a,a,a,a,a,a,a,,a,,a,nuc,a,,c,a,a,,a,a,a,a,
,Sphoeroides annulatus,,,,,,,,,,,,,,,,,,,,,,,,,,,,,,,,,c,,c,,,,,,,,,,,,,
,Sphoeroides rosenblatti,,,,,,,,,,,,,,,,,,,,,,,,,,,,,,,,,c,,c,,,,,,,,,,,,,
Diodontidae,Chilomycterus reticulatus,,,,,,,,,,,,,,,,,,,,,,,,,,,,,r,,,,,,,,,,,,,,,,,,,
,Diodon holocanthus,,,,,,,,nuc,nuc,c,,,nuc,,,,,,c,,r,c,c,c,,c,nuc,c,,,r,,,,,r,,nuc,,nuc,,,,,,,c,r
,Diodon hystrix,r,r,,r,c,,nuc,nuc,,,,r,,,r,r,r,r,r,r,r,,,,,,nuc,nuc,r,r,,,,nuc,,r,,nuc,,,,,,r,,,nuc,
