0,1,2,3,4,5,6,7,8,9,10,11,12,13,14,15,16,17,18,19,20,21,22,23,24,25,26,27
Unnamed: 0,Unnamed: 1,20002004200820122014,2018,Unnamed: 4,20002004200820122014.1,2018.1,Unnamed: 7,20002004200820122014.2,2018.2,Unnamed: 10,20002004200820122014.3,2018.3,Unnamed: 13,20002004200820122014.4,2018.4,Unnamed: 16,20002004200820122014.5,2018.5,Unnamed: 19,2004200820122014,2018.6,Unnamed: 22,2000,Unnamed: 24,2018.7,Unnamed: 26,
CHONDRICHTHYES:  Cartilaginous fishes,,,,,,,,,,,,,,,,,,,,,,,,,,,
SHARKS,,,,,,,,,,,,,,,,,,,,,,,,,,,
Carcharhinidae - Requiem sharks,,,,,,,,,,,,,,,,,,,,,,,,,,,
Carcharhinus melanopterus,,1.0,,,1.0,,,11.0,,,1.0,,,11.0,,,1.0,,,,,,,,,,
Carcharhinus albimarginatus,,1.0,,,1.0,,,1.0,,,1.0,,,1.0,,,1.0,,,,,,,,,,
Carcharhinus amblyrhchos,,,,,,,,,,,1.0,,,1.0,,,,,,,,,,,,,
Ginglymostomatidae - Nurse sharks,,,,,,,,,,,,,,,,,,,,,,,,,,,
Nebrius ferrugineus,,,,,,,,,,,1.0,,,1.0,,,,,,,,,,,,,
Hemigaleidae - White-tip reef sharks,,,,,,,,,,,,,,,,,,,,,,,,,,,
Triaenodon obesus,,111.0,1.0,,11.0,1.0,,111.0,1.0,,111.0,1.0,,11.0,1.0,,111.0,1.0,,,,,1.0,,1.0,,
Rhincodontidae - Whale sharks,,,,,,,,,,,,,,,,,,,,,,,,,,,
Rhincodon typus,,,,,,,,,,,,,,,,,,,,1.0,,,,,,,
Sphyrnidae - Hammerhead sharks,,,,,,,,,,,,,,,,,,,,,,,,,,,
Sphyrna mokarran,,,,,,,,,,,,,,,,,1.0,,,,,,,,,,
Stegostomatidae - Zebra/Leopard Shark,,,,,,,,,,,,,,,,,,,,,,,,,,,
Stegostoma fasciatum,,,,,,,,,,,,,,1.0,,,,,,,,,,,,,
RAYS,,,,,,,,,,,,,,,,,,,,,,,,,,,
Dasyatididae -  Sting rays,,,,,,,,,,,,,,,,,,,,,,,,,,,
Dasyatis kuhli,,,,,,,,,,,,,,1.0,,,,,,,,,,,,,
Himantura uarnak,,,,,,,,1.0,,,,,,,,,,,,,,,,,,,
Taeniura lymma,,1.0,,,,,,1.0,,,,,,,,,,,,,,,,,,,
Taeniura meyeni,,1.0,,,,,,11.0,,,,,,,,,,,,,,,,,,,
Mobulidae -  Manta/Devil rays,,,,,,,,,,,,,,,,,,,,,,,,,,,
Manta birostris,,1.0,,,1.0,,,1.0,,,,,,1.0,,,,,,,,,,,,,
Myliobatidae - Eagle ray,,,,,,,,,,,,,,,,,,,,,,,,,,,
Aetobatus narinari,,,,,,,,,,,,,,1.0,,,1.0,,,,,,,,,,
Rhinobatidae - Guitarfishes,,,,,,,,,,,,,,,,,,,,,,,,,,,
Rhynchobatus djiddensis,,,,,,,,,,,,,,,,,,,,,,,,,,,
OSTEICHTHYES:  Bony fishes,,,,,,,,,,,,,,,,,,,,,,,,,,,
Acanthuridae - Surgeonfishes,,,,,,,,,,,,,,,,,,,,,,,,,,,
Acanthurus achilles,,,,,,,,,,,,,,,,,,,,,,,,,,,
Acanthurus auranticavus,,,,,,,,,,,1.0,,,,,,,,,,,,,,,,
Acanthurus bleekeri,,,,,,,,1.0,,,1.0,,,,,,,,,,,,,,,,
Acanthurus dussummieri,,1.0,,,1.0,,,11.0,,,,1.0,,,,,,1.0,,,,,,,1.0,,
Acanthurus guttatus,,,,,,,,,,,,,,,,,,,,,,,,,,,
Acanthurus japonicus,,111.0,1.0,,111.0,1.0,,1111.0,1.0,,111.0,1.0,,111.0,1.0,,111.0,1.0,,11.0,1.0,,,,1.0,,
Acanthurus leucocheilus,,1.0,,,11.0,,,11.0,,,11.0,,,11.0,,,1.0,,,,,,,,,,
Acanthurus lineatus,,111.0,,,11.0,,,11.0,,,11.0,1.0,,111.0,,,111.0,1.0,,11.0,1.0,,1.0,,1.0,,
Acanthurus mata,,1.0,,,,,,,,,1.0,,,1.0,,,11.0,,,,1.0,,,,1.0,,
Acanthurus nigricans,,11.0,,,1.0,,,1.0,,,11.0,,,,1.0,,1.0,1.0,,1.0,,,,,1.0,,
Acanthurus nigricauda,,11.0,1.0,,1.0,,,1.0,,,1.0,,,11.0,,,1.0,1.0,,,,,1.0,,1.0,,
Acanthurus nigrofuscus,,,1.0,,,1.0,,,1.0,,,1.0,,,,,,1.0,,,1.0,,,,1.0,,
Acanthurus olivaceus,,1111.0,,,11.0,1.0,,1.0,,,,,,1.0,,,1.0,,,11.0,1.0,,,,1.0,,
Acanthurus pyroferus,,1111.0,1.0,,1111.0,1.0,,1111.0,1.0,,11.0,,,1111.0,1.0,,111.0,,,,1.0,,,,1.0,,
Acanthurus sp.,,,,,1.0,,,1.0,,,,,,,,,,,,,,,,,,,
Acanthurus thompsoni,,111.0,1.0,,111.0,1.0,,1111.0,1.0,,11.0,1.0,,1111.0,1.0,,1111.0,1.0,,1.0,1.0,,,,1.0,,
Acanthurus triostegus,,1.0,,,11.0,,,,,,1.0,,,11.0,,,11.0,,,11.0,,,,,,,
Acanthurus xanthopterus,,11.0,1.0,,1.0,,,1.0,1.0,,11.0,1.0,,,,,1.0,,,1.0,1.0,,,,1.0,,
Ctenochaetus binotatus,,1111.0,1.0,,111.0,1.0,,111.0,1.0,,11.0,1.0,,11.0,,,1.0,1.0,,11.0,1.0,,,,1.0,,
Ctenochaetus cyanocheilus,,,,,1.0,1.0,,,,,,,,,,,,,,1.0,,,,,,,
Ctenochaetus striatus,,11111.0,1.0,,111.0,1.0,,11111.0,1.0,,1111.0,1.0,,111.0,1.0,,1111.0,1.0,,1111.0,1.0,,,,1.0,,
Ctenochaetus strigosus,,,,,,,,,,,,,,,,,1.0,,,,,,,,,,
Ctenochaetus tominiensis,,1.0,,,,,,1.0,,,1.0,,,,,,,,,,,,,,,,
Naso annulatus,,,,,,,,,1.0,,1.0,,,1.0,,,,1.0,,1.0,,,,,1.0,,
Naso brachycentron,,,,,,,,,,,1.0,,,11.0,,,,,,,,,,,,,
Naso brevirostris,,11.0,1.0,,111.0,1.0,,11111.0,1.0,,11111.0,1.0,,111.0,,,111.0,,,1.0,1.0,,1.0,,1.0,,
Naso caeruleacauda,,,,,,,,1.0,,,,,,,,,,,,1.0,,,,,,,
Naso hexacanthus,,111.0,1.0,,11.0,1.0,,111.0,1.0,,111.0,,,111.0,1.0,,111.0,1.0,,1.0,1.0,,,,1.0,,
Naso lituratus,,111.0,1.0,,111.0,,,111.0,,,1111.0,1.0,,111.0,1.0,,111.0,1.0,,1.0,1.0,,1.0,,1.0,,
Naso lopezi,,1.0,1.0,,1.0,1.0,,,1.0,,,1.0,,,,,,,,,,,,,1.0,,
Naso minor,,,1.0,,,1.0,,1.0,,,111.0,,,,,,1.0,,,111.0,1.0,,,,1.0,,
Naso thynnoides,,1.0,,,,,,1.0,,,1.0,,,11.0,,,1.0,,,11.0,1.0,,1.0,,1.0,,
Naso tuberosus,,,,,,,,,,,1.0,,,,,,,,,,,,,,,,
Naso unicornis,,111.0,,,11.0,,,111.0,1.0,,11.0,1.0,,1.0,,,11.0,1.0,,1.0,,,,,1.0,,
Naso vlamingii,,1111.0,1.0,,111.0,1.0,,11111.0,1.0,,1111.0,1.0,,11111.0,1.0,,1111.0,1.0,,11.0,1.0,,,,1.0,,
Unnamed: 0,Unnamed: 1,Unnamed: 2,Unnamed: 3,Unnamed: 4,Unnamed: 5,Unnamed: 6,Unnamed: 7,Unnamed: 8,Unnamed: 9,Unnamed: 10,Unnamed: 11,Unnamed: 12,Unnamed: 13,Unnamed: 14,Unnamed: 15,Unnamed: 16,Unnamed: 17,Unnamed: 18,Unnamed: 19,Unnamed: 20,Unnamed: 21,Unnamed: 22,Unnamed: 23,Unnamed: 24,Unnamed: 25,Unnamed: 26,Unnamed: 27
,,20002004200820122014,2018.0,,20002004200820122014,2018.0,,20002004200820122014,2018.0,,20002004200820122014,2018.0,,20002004200820122014,2018.0,,20002004200820122014,2018.0,,2004200820122014.0,2018.0,,2000.0,,2018.0,,
Paracanthus hepatus,,11,,,,,,,,,,,,,,,,,,1.0,,,,,,,
Zebrasoma scopas,,11111,1.0,,11111,1.0,,11111,1.0,,1111,1.0,,1111,1.0,,11111,1.0,,1111.0,1.0,,,,1.0,,
Zebrasoma veliferum,,1111,1.0,,1,1.0,,111,,,1111,1.0,,111,1.0,,111,1.0,,1.0,,,,,1.0,,
Anomalopidae - Flashlight fish,,,,,,,,,,,,,,,,,,,,,,,,,,,
Anomalops katoptron,,,,,,,,,,,,,,,,,,,,,,,,,,,
Apogonidae - Cardinalfishes,,,,,,,,,,,,,,,,,,,,,,,,,,,
Cheilodipterus macrodon,,,,,,,,1,,,,,,,,,,,,,,,,,,,
Aulostomidae - Trumpetfishes,,,,,,,,,,,,,,,,,,,,,,,,,,,
Aulostomus chinensis,,,,,,,,,,,1,,,,,,,,,1.0,,,1.0,,1.0,,
Balistidae - Triggerfishes,,,,,,,,,,,,,,,,,,,,,,,,,,,
Balistapus undulatus,,11111,1.0,,11111,1.0,,1111,1.0,,11111,1.0,,1111,1.0,,1111,1.0,,111.0,1.0,,1.0,,1.0,,
Balistoides conspicillum,,11111,1.0,,11,1.0,,111,,,111,,,11,,,111,1.0,,11.0,1.0,,1.0,,1.0,,
Balistoides viridescens,,1111,1.0,,11111,1.0,,1111,1.0,,1111,1.0,,111,,,11,1.0,,11.0,,,,,1.0,,
Balistipussp.,,,,,1,,,,,,,,,,,,,,,,,,,,,,
Melichthys indicus,,,,,,,,1,,,,,,,,,,,,,,,,,,,
Melichthys niger,,11111,1.0,,1111,1.0,,111,1.0,,11111,1.0,,11111,1.0,,1111,1.0,,111.0,1.0,,,,1.0,,
Melichthys vidua,,11111,1.0,,11111,1.0,,11111,1.0,,11111,1.0,,1111,1.0,,11111,1.0,,1111.0,1.0,,,,1.0,,
Odonus niger,,111,1.0,,11,,,11,,,1111,1.0,,11,,,1111,1.0,,1111.0,,,,,1.0,,
Pseudobalistes flavimarginatus,,1,,,111,,,1,,,1,,,11,1.0,,11,,,1.0,,,1.0,,1.0,,
Rhinecanthus aculeatus,,,,,1,,,1,,,,,,,,,,,,,,,,,,,
Rhinecanthus rectangulus,,1,,,1,,,,,,1,,,,,,11,,,1.0,,,1.0,,1.0,,
Rhinecanthus verrucosus,,,,,1,,,,,,,,,,,,11,,,1.0,,,,,,,
Sufflamen bursa,,1111,1.0,,1,,,1,,,11,,,1,,,11,1.0,,1.0,,,1.0,,1.0,,
Sufflamen chrysopterus,,1111,,,1,,,,,,1,,,1,,,1,,,,,,,,,,
Belonidae - Needlefishes,,,,,,,,,,,,,,,,,,,,,,,,,,,
Tylosorus crocodilus,,,,,,,,,,,1,,,1,,,11,,,,,,,,,,
Tylosorus gavialoides,,,,,,,,,,,,,,,,,,,,,,,,,,,
Strongylura incisa,,1,,,,,,1,,,,,,,,,1,,,,,,,,,,
Blenniidae - Blennies,,,,,,,,,,,,,,,,,,,,,,,,,,,
Aspindotus taeniorus,,,,,,,,,,,1,,,1,,,,,,,,,,,,,
Cirrepectes chelomatus,,,,,1,,,,,,,,,,,,,,,,,,,,,,
Ecsenius dilemma,,,,,,,,11,,,,,,1,,,,,,,,,,,,,
Ecsenius sp.,,,,,,,,,,,,,,,,,,,,,,,,,,,
Meiacanthus atrodorsalis,,,,,,,,,,,,,,,,,1,,,,,,,,,,
Plagiotremus rhinorhynchus,,11,,,,,,11,,,11,,,1,,,,,,,,,,,,,
Plagiotremus tapeinosoma,,,,,,,,,,,,,,,,,,,,,,,,,,,
Salarias fasciatus,,1,,,,,,,,,1,,,,,,,,,,,,,,,,
Bothidae - Flounders,,,,,,,,,,,,,,,,,,,,,,,,,,,
Bothus mancus,,,,,,,,,,,,,,,,,,,,,,,,,,,
Caesionidae - Fusiliers,,,,,,,,,,,,,,,,,,,,,,,,,,,
Caesio caerulaurea,,11,1.0,,11,,,1111,1.0,,1,,,111,1.0,,1,1.0,,111.0,1.0,,,,1.0,,
Caesio cuning,,,,,,,,,,,,,,,,,,,,,,,,,,,
Caesio erythrogaster,,,,,,,,,,,,,,,,,,,,,,,,,,,
Caesio lunaris,,11,,,1111,,,11111,1.0,,11,,,111,1.0,,,,,111.0,1.0,,,,1.0,,
Caesio teres,,11,,,111,,,111,1.0,,11,1.0,,111,,,1,,,1.0,,,,,1.0,,
Caesio sp.,,,,,,,,1,,,,,,,,,1,,,,,,,,,,
Pterocaesio lativittata,,,,,,,,,,,,,,,,,,,,,,,,,,,
Pterocaesio marri,,,,,1,,,,,,,,,,,,,,,,,,,,,,
Pterocaesio pisang,,1,,,111,,,,,,1,,,111,1.0,,,,,1.0,,,,,1.0,,
Pterocaesio randalli,,111,1.0,,11111,,,11111,1.0,,1,,,1111,1.0,,111,,,,,,,,1.0,,
Pterocaesio tesselata,,,,,,,,1,,,1,,,,,,,,,,,,,,,,
Pterocaesio tile,,11,1.0,,1111,1.0,,1111,1.0,,1,,,1111,1.0,,111,1.0,,11.0,1.0,,1.0,,1.0,,
Pterocaesio trilineata,,,,,1,,,,,,,,,,,,,,,,,,,,,,
Pterocaesio sp.,,,,,1,,,,,,,,,,,,,,,,,,,,,,
Carangidae - Jacks,,,,,,,,,,,,,,,,,,,,,,,,,,,
Alectes indicus,,,,,,,,,,,,,,,,,1,,,,,,,,,,
Carangoides bajad,,11,1.0,,111,1.0,,111,,,,1.0,,,,,1,,,,1.0,,,,1.0,,
Carangoides ferdau,,1,1.0,,11,1.0,,11,,,1,,,1,,,1,,,,,,,,,,
Carangoides gymnostethus,,,,,,,,,,,,,,,,,,,,,,,,,,,
Carangoides oblongus,,1,,,,,,,,,1,,,,,,,,,,,,,,,,
Carangoides orthogrammus,,,1.0,,1,,,1,,,1,1.0,,,1.0,,,,,,,,,,1.0,,
Carangoides plagiotaenia,,,1.0,,1,,,11,,,1,,,,1.0,,,,,,,,,,1.0,,
Caranx ignobilis,,11,1.0,,111,1.0,,11,1.0,,111,1.0,,1,,,111,1.0,,,,,,,1.0,,
Caranx lugubris,,,1.0,,1,,,1,,,11,,,1,,,,,,,,,,,,,
Caranx melampygus,,1111,1.0,,11111,1.0,,11111,1.0,,11111,1.0,,11111,1.0,,1111,1.0,,11.0,1.0,,1.0,,1.0,,
Unnamed: 0,Unnamed: 1,Unnamed: 2,Unnamed: 3,Unnamed: 4,Unnamed: 5,Unnamed: 6,Unnamed: 7,Unnamed: 8,Unnamed: 9,Unnamed: 10,Unnamed: 11,Unnamed: 12,Unnamed: 13,Unnamed: 14,Unnamed: 15,Unnamed: 16,Unnamed: 17,Unnamed: 18,Unnamed: 19,Unnamed: 20,Unnamed: 21,Unnamed: 22,Unnamed: 23,Unnamed: 24,Unnamed: 25,Unnamed: 26,Unnamed: 27
,,20002004200820122014,2018.0,,20002004200820122014,2018.0,,20002004200820122014,2018.0,,20002004200820122014,2018.0,,20002004200820122014,2018.0,,20002004200820122014,2018.0,,2004200820122014.0,2018.0,,2000.0,,2018.0,,
Caranx sexfasciatus,,111,1.0,,1,1.0,,,,,1111,1.0,,11,1.0,,11,1.0,,,,,,,1.0,,
Caranx sp.,,,,,,,,1,,,,,,,,,,,,,,,,,,,
Elagatis bipinnulatus,,1,,,11,,,11,,,1,,,11,,,1111,,,1.0,,,,,,,
Gnathanodon speciosus,,,,,,,,,,,,,,,,,1,,,,,,,,,,
Scomberoides lysan,,1,,,,,,,,,,,,,,,,,,,,,,,,,
Trachinotus blochii,,,,,,,,1,,,,,,,,,,,,,,,,,,,
Chaetodontidae - Butterflyfishes,,,,,,,,,,,,,,,,,,,,,,,,,,,
Chaetodon adiergastos,,111,1.0,,1111,,,1111,1.0,,1111,1.0,,1111,,,111,1.0,,11.0,1.0,,1.0,,1.0,,
Chaetodon auriga,,11111,1.0,,1111,,,11111,1.0,,11111,1.0,,11111,1.0,,1111,1.0,,1.0,1.0,,1.0,,1.0,,
Chaetodon baronessa,,1111,1.0,,1111,1.0,,1111,1.0,,1111,1.0,,11111,1.0,,111,1.0,,1111.0,1.0,,1.0,,1.0,,
Chaetodon bennetti,,111,,,111,1.0,,11111,1.0,,1111,,,1111,1.0,,111,,,11.0,1.0,,1.0,,1.0,,
Chaetodon citrinellus,,111,1.0,,11,,,1,1.0,,11,,,,1.0,,11,,,11.0,1.0,,1.0,,1.0,,
Chaetodon ephippium,,11111,,,11111,1.0,,1111,1.0,,1111,1.0,,11111,1.0,,11111,1.0,,111.0,,,1.0,,1.0,,
Chaetodon kleinii,,11111,1.0,,11111,1.0,,11111,1.0,,11111,,,11111,1.0,,11111,1.0,,1111.0,1.0,,1.0,,1.0,,
Chaetodon lineolatus,,11,,,1111,,,111,1.0,,1111,1.0,,1111,1.0,,1111,1.0,,1.0,1.0,,1.0,,1.0,,
Chaetodon lunula,,1111,,,11,,,111,1.0,,111,1.0,,1111,,,11111,,,11.0,1.0,,1.0,,1.0,,
Chaetodon lunulatus,,11111,1.0,,11111,1.0,,1111,1.0,,11111,1.0,,1111,1.0,,1111,1.0,,1111.0,1.0,,1.0,,1.0,,
Chaetodon melannotus,,11111,1.0,,111,,,1111,1.0,,11111,1.0,,11111,1.0,,1111,1.0,,111.0,1.0,,1.0,,1.0,,
Chaetodon mertensii,,,,,,,,1,,,,,,,,,,,,,1.0,,,,1.0,,
Chaetodon meyeri,,1,,,11,,,,,,,,,,,,,,,,,,,,,,
Chaetodon ocellicaudus,,1111,1.0,,11111,,,1111,1.0,,1111,1.0,,11111,1.0,,111,1.0,,111.0,1.0,,1.0,,1.0,,
Chaetodon octofasciatus,,1,,,1,1.0,,,1.0,,1,,,,,,,,,,1.0,,,,1.0,,
Chaetodon ornatissimus,,1111,1.0,,11111,1.0,,11111,1.0,,11111,1.0,,11111,1.0,,11111,1.0,,111.0,1.0,,1.0,,1.0,,
Chaetodon oxycephalus,,111,,,111,1.0,,1111,1.0,,1111,,,11,,,11,1.0,,1.0,,,1.0,,1.0,,
Chaetodon plebeius,,,,,,,,,,,,,,,,,,,,,1.0,,,,1.0,,
Chaetodon punctatofasciatus,,11111,1.0,,11111,1.0,,11111,1.0,,1111,1.0,,11111,,,11111,,,111.0,1.0,,1.0,,1.0,,
Chaetodon rafflesi,,1111,1.0,,111,1.0,,1111,1.0,,111,1.0,,11111,1.0,,111,1.0,,1.0,1.0,,1.0,,1.0,,
Chaetodon reticulatus,,1,,,,,,1,,,,,,1,,,,,,,,,,,,,
Chaetodon selene,,,,,1,,,,,,,,,,,,,,,,,,,,,,
Chaetodon semeion,,,,,11,1.0,,,,,,1.0,,1,1.0,,,,,,1.0,,,,1.0,,
Chaetodon speculum,,1111,1.0,,1111,1.0,,1111,1.0,,111,1.0,,111,1.0,,1111,1.0,,111.0,1.0,,1.0,,1.0,,
Chaetodon trifascialis,,11111,1.0,,11111,1.0,,1111,1.0,,1111,,,1111,1.0,,111,,,11.0,1.0,,1.0,,1.0,,
Chaetodon ulietensis,,11111,1.0,,11111,1.0,,11111,1.0,,1111,1.0,,11111,1.0,,111,1.0,,11.0,1.0,,1.0,,1.0,,
Chaetodon unimaculatus,,111,,,11,,,11,,,111,,,1,,,1,,,,1.0,,1.0,,1.0,,
Chaetodon vagabundus,,11111,1.0,,1111,,,11111,1.0,,11111,1.0,,11111,1.0,,1111,,,11.0,,,1.0,,1.0,,
Chaetodon xanthurus,,,,,1,,,,1.0,,,,,,,,,,,,1.0,,,,1.0,,
Chelmon rostratus,,,,,1,,,,,,,,,,,,,1.0,,,,,,,1.0,,
Coradion chrysozonus,,1,,,,,,,,,,,,,,,,,,,,,,,,,
Coradion melanopus,,,,,,,,,,,,,,,,,,,,,,,,,,,
Forcipiger flavissimus,,11111,1.0,,11111,,,1111,1.0,,11,,,1111,1.0,,1111,1.0,,111.0,,,1.0,,1.0,,
Forcipiger longirostris,,111,1.0,,11,,,111,1.0,,11,,,11,,,11,,,11.0,1.0,,,,1.0,,
Hemitaurichthys polylepis,,11111,1.0,,111,,,1111,1.0,,11111,1.0,,1,1.0,,11111,1.0,,1111.0,1.0,,1.0,,1.0,,
Heniochus acuminatus,,1,,,1,,,11,1.0,,11,,,1,,,1,,,1.0,,,1.0,,1.0,,
Heniochus chrysostomus,,11111,1.0,,11111,,,11111,1.0,,11111,1.0,,11111,1.0,,1111,,,111.0,1.0,,1.0,,1.0,,
Heniochus diphreutes,,,1.0,,,,,,,,,1.0,,,1.0,,111,1.0,,11.0,,,,,1.0,,
Heniochus monoceros,,1,,,1,,,11,,,,,,1,,,1,,,,,,,,,,
Heniochus pleurotaenia,,,,,,,,,,,,,,,,,1,,,,1.0,,,,1.0,,
Heniochus singularis,,1111,1.0,,11111,,,1111,1.0,,111,1.0,,1111,,,1111,,,111.0,1.0,,1.0,,1.0,,
Heniochus varius,,11111,1.0,,11111,1.0,,11111,1.0,,1111,1.0,,11111,1.0,,1111,1.0,,11.0,,,1.0,,1.0,,
Chanidae - Milkfish,,,,,,,,,,,,,,,,,,,,,,,,,,,
Chanos chanos,,,,,,,,,,,,,,1,,,,,,,,,,,,,
Cirrhitidae - Hawkfishes,,,,,,,,,,,,,,,,,,,,,,,,,,,
Cirrhitichthys aprinus,,,,,,,,,,,,,,,,,1,,,,,,,,,,
Cirrhitichthys falco,,11,,,11,,,111,,,11,,,1,,,1,,,1.0,,,,,,,
Cirrhitichthys oxycephalus,,1,,,,,,,,,,,,,,,11,,,1.0,,,,,,,
Cirrhitus pinnulatus,,1,,,,,,,,,,,,,,,,,,,,,,,,,
Oxycirrhites typus,,,,,,,,,,,,,,,,,,,,1.0,,,,,,,
Paracirrhites arcatus,,11,,,1,,,111,,,111,,,11,1.0,,111,,,1.0,,,1.0,,1.0,,
Paracirrhites forsteri,,111,,,111,,,11,,,1111,,,11,,,111,,,11.0,,,1.0,,1.0,,
Paracirrhites hemistictus,,,,,,,,,,,,,,,,,,,,,,,,,,,
Clupeidae - Herrings and Sardines,,,,,,,,,,,,,,,,,,,,,,,,,,,
Spratelloides delicatulus,,,,,,,,,,,1,,,,,,,,,,,,,,,,
Diodontidae - Porcupinefishes,,,,,,,,,,,,,,,,,,,,,,,,,,,
Chilomycterus reticulatus,,,,,,,,1,,,,,,,,,,,,,,,,,,,
Diodon hystrix,,,,,,,,,,,11,,,1,,,,,,,,,,,,,
Unnamed: 0,Unnamed: 1,Unnamed: 2,Unnamed: 3,Unnamed: 4,Unnamed: 5,Unnamed: 6,Unnamed: 7,Unnamed: 8,Unnamed: 9,Unnamed: 10,Unnamed: 11,Unnamed: 12,Unnamed: 13,Unnamed: 14,Unnamed: 15,Unnamed: 16,Unnamed: 17,Unnamed: 18,Unnamed: 19,Unnamed: 20,Unnamed: 21,Unnamed: 22,Unnamed: 23,Unnamed: 24,Unnamed: 25,Unnamed: 26,Unnamed: 27
,,20002004200820122014,2018.0,,20002004200820122014,2018.0,,20002004200820122014,2018.0,,20002004200820122014,2018.0,,20002004200820122014,2018.0,,20002004200820122014,2018.0,,2004200820122014.0,2018.0,,2000.0,,2018.0,,
Diodon liturosus,,,,,1,,,,,,,,,1,,,,,,1.0,,,,,,,
Echeneididae - Shark suckers,,,,,,,,,,,,,,,,,,,,,,,,,,,
Echeneis naucrates,,,,,,,,,,,,,,1,,,,,,,,,,,,,
Ephippidae - Batfishes,,,,,,,,,,,,1.0,,,,,,,,,,,,,1.0,,
Platax boersii,,1,,,,,,,,,,,,,,,1,,,,,,,,,,
Platax orbicularis,,11,,,11,,,11,,,,,,1,,,,1.0,,,,,,,1.0,,
Platax pinnatus,,,,,,,,1,,,,,,,,,,,,,,,,,,,
Platax teira,,,,,1,,,,1.0,,,,,,1.0,,1,,,,,,,,1.0,,
I  Fistulariidae - Cornetfishes,,,,,,,,,,,,,,,,,,,,,,,,,,,
Fistularia commersonii,,1,,,,,,,,,,,,,,,,,,1.0,,,1.0,,1.0,,
Heterocongridae - Garden eels,,,,,,,,,,,,,,,,,,,,,,,,,,,
Heteroconger hassi,,,,,11,,,,,,,,,11,,,,,,,,,,,,,
Heteroconger sp.,,,,,1,,,,,,,,,,,,,,,,,,,,,,
Gobiidae - Gobies,,,,,,,,,,,,,,,,,,,,,,,,,,,
Amblyeleotris hectori,,,,,,,,1,,,,,,,,,,,,,,,,,,,
Amblygobius phalaena,,,,,1,,,,,,,,,,,,,,,,,,,,,,
Eviota pellucida,,,,,,,,,,,1,,,,,,,,,,,,,,,,
Istigobius rigilus,,,,,,,,1,,,,,,,,,,,,,,,,,,,
Valenciennea randalli,,1,,,,,,1,,,,,,,,,,,,,,,,,,,
Valenciennea sexgutata,,,,,,,,,,,,,,,,,,,,1.0,,,,,,,
Valenciennea strigata,,1,,,,,,,,,,,,,,,,,,,,,,,,,
Haemulidae - Sweetlips,,,,,,,,,,,,,,,,,,,,,,,,,,,
Diagramma menalarcum,,,,,,,,,,,,,,1,,,,,,,,,,,,,
Plectorhinchus albovittatus,,,,,,,,,,,1,,,,,,,,,,,,,,,,
Plectorhinchus celebicus,,,,,,,,,,,,,,,,,,,,,,,,,,,
Plectorhinchus chaetodonoides,,111,1.0,,1111,1.0,,11111,1.0,,11,1.0,,11111,1.0,,1111,1.0,,11.0,1.0,,,,1.0,,
Plectorhinchus gaterinus,,,,,,,,,,,,,,,,,,,,,,,,,,,
Plectorhinchus lessoni,,,,,,,,1,,,,,,11,,,,,,,,,,,,,
Plectorhinchus lineatus,,111,1.0,,1,,,111,1.0,,11,1.0,,111,1.0,,111,1.0,,11.0,,,,,1.0,,
Plectorhinchus obscurus,,,,,,,,,,,,,,,,,,,,,,,,,,,
Plectorhinchus orientalis,,,,,,,,1,,,,,,1,,,,,,,,,,,,,
Plectorhinchus picus,,,,,,,,1,,,,,,1,,,,,,,,,,,,,
Holocentridae - Soldier and Squirrel fishes,,,,,,,,,,,,,,,,,,,,,,,,,,,
Myripristis adusta,,1,,,11,,,11,,,1,,,11,,,11,,,,,,,,,,
Myripristis berndti,,11,,,,,,11,,,1,,,1,1.0,,,,,,,,,,1.0,,
Myripristis kuntee,,,,,,,,1,,,,,,,,,,,,,,,,,,,
Myripristis murdjan,,111,,,1111,,,11,,,11,,,1111,,,1111,,,11.0,,,1.0,,1.0,,
Myripristis violacea,,1,,,1,,,111,,,1,,,,,,,,,11.0,,,,,,,
Myripristis sp.,,1,,,11,,,1,,,1,,,1,,,1,,,11.0,,,,,,,
Neoniphon argenteus,,,,,,,,1,,,,,,,,,,,,,,,,,,,
Neoniphon opercularis,,,,,,,,,,,,,,,,,,,,,,,,,,,
Neoniphron sammara,,,,,,,,111,,,1,,,,,,,,,1.0,,,,,,,
Neoniphron sp.,,1,,,1,,,1,,,1,,,,,,,,,1.0,,,,,,,
Sargocentron caudimaculatum,,111,,,11,,,111,,,11,,,11,,,11,,,11.0,,,,,,,
Sargocentron diadema,,,,,,,,,,,,,,,,,,,,,,,1.0,,1.0,,
Sargocentron ittodai,,1,,,,,,,,,,,,,,,,,,,,,,,,,
Sargocentron spiniferum,,111,,,111,1.0,,1111,,,11,,,111,1.0,,111,1.0,,11.0,,,,,1.0,,
Sargocentron violaceum,,,,,,,,,,,,,,,,,,,,,,,1.0,,1.0,,
Sargocentron sp.,,1,,,,,,,,,1,,,1,,,1,,,1.0,,,,,,,
I  Kyphosidae - Drummers,,,,,,,,,,,,,,,,,,,,,,,,,,,
Kyphosus bigibbus,,,,,,,,,1.0,,,,,1,,,,,,,,,,,,,
Kyphosus cinerascens,,11,,,1,,,111,,,1,1.0,,11,,,,1.0,,,,,1.0,,1.0,,
Kyphosus vaigiensis,,1,,,,,,1,,,1,,,1,,,,,,,,,1.0,,1.0,,
Labridae - Wrasses,,,,,,,,,,,,,,,,,,,,,,,,,,,
Anampses geographicus,,,,,,,,,,,,,,,,,,,,,,,,,,,
Anampses meleagrides,,,,,1,,,,,,,,,,,,1,1.0,,1.0,,,,,1.0,,
Anampses melanurus,,11,,,,,,11,,,1,,,1,,,11,,,,,,,,,,
Anampses twistii,,111,1.0,,111,,,111,,,,,,111,,,11,,,1.0,,,,,1.0,,
Bodianus axillaris,,1,1.0,,,,,1,,,,,,,,,1,,,,,,,,1.0,,
Bodianus diana,,111,,,111,,,1111,,,111,,,111,,,11111,,,11.0,,,,,,,
Bodianus mesothorax,,1,1.0,,111,,,111,1.0,,1,1.0,,11,,,11,,,11.0,1.0,,,,1.0,,
Cheilinus celebicus,,,,,,,,,,,,,,,,,1,,,,,,,,,,
Cheilinus chlorourus,,1,,,,,,,,,1,,,1,1.0,,11,,,,,,1.0,,1.0,,
Cheilinus fasciatus,,1111,,,11,,,1111,,,,1.0,,11,,,1,,,,,,,,1.0,,
,11.0,,,,,,11.0,,,,,,,,,,,,,,,1.0,,1.0,,,
Unnamed: 0,Unnamed: 1,Unnamed: 2,Unnamed: 3,Unnamed: 4,Unnamed: 5,Unnamed: 6,Unnamed: 7,Unnamed: 8,Unnamed: 9,Unnamed: 10,Unnamed: 11,Unnamed: 12,Unnamed: 13,Unnamed: 14,Unnamed: 15,Unnamed: 16,Unnamed: 17,Unnamed: 18,Unnamed: 19,Unnamed: 20,Unnamed: 21,Unnamed: 22,Unnamed: 23,Unnamed: 24,Unnamed: 25,Unnamed: 26,
,,20002004200820122014,2018.0,,20002004200820122014,2018.0,,20002004200820122014,2018.0,,20002004200820122014,2018.0,,20002004200820122014,2018.0,,20002004200820122014,2018.0,,2004200820122014.0,2018.0,,2000.0,,2018.0,,
Cheilinus undulatus,,1111,1.0,,1,,,1111,1.0,,11111,1.0,,11111,1.0,,1111,1.0,,1.0,,,1.0,,1.0,,
Cheilio inermis,,,,,,,,1,,,1,,,,,,,,,,,,,,,,
Choerodon anchorago,,,,,,,,1,,,1,,,,,,,,,,,,,,,,
Choerodon fasciatus,,,,,1,,,,,,,,,,,,,,,,,,,,,,
Choerodon oligacanthus,,,,,,,,,,,,,,1,,,,,,,,,,,,,
Cirrhilabrus cyanopleura,,1,,,1111,,,1,,,11,,,11,,,11,,,1.0,,,,,,,
Cirrhilabrus exquisitus,,1,,,1,1.0,,,,,,,,1,1.0,,,1.0,,1.0,,,,,1.0,,
Cirrhilabrus lubbocki,,,,,1,,,,,,,,,,,,,,,,,,,,,,
Coris aygula,,,,,,,,,,,,,,1,,,,,,,,,,,,,
Coris batuensis,,11,,,1,,,1,,,111,,,11,,,,,,11.0,,,1.0,,1.0,,
Coris gaimard,,1111,1.0,,11,,,1,,,111,,,11,,,11,,,11.0,,,,,1.0,,
Coris pictoides,,1,,,,,,,,,,,,,,,,,,,,,,,,,
Coris variegata,,,,,,,,,,,,,,,,,,,,,,,,,,,
Diproctacanthus xanthurus,,1,,,11,1.0,,1,,,,,,,,,,,,,,,,,1.0,,
Epibulus insidiator,,111,,,111,,,111,,,1,,,1111,1.0,,11,,,1.0,,,,,1.0,,
Gomphosus varius,,1111,1.0,,1111,1.0,,1111,,,1111,1.0,,11,1.0,,1111,,,111.0,1.0,,1.0,,1.0,,
Halichoeres argus,,1,,,,,,,,,,,,,,,,,,,,,,,,,
Halichoeres biocellatus,,,,,,,,,,,,,,,,,,,,,,,,,,,
Halichoeres chrysus,,1111,,,111,,,111,,,11,,,1,,,1111,,,11.0,,,1.0,,1.0,,
Halichoeres hortulanus,,1111,1.0,,111,,,111,,,1111,1.0,,1111,1.0,,1111,,,111.0,1.0,,,,1.0,,
Halichoeres margaritaceus,,1,,,,,,,,,,,,1,,,1,,,,,,,,,,
Halichoeres melanurus,,,,,,,,,,,,,,,,,,,,1.0,,,,,,,
Halichores nebulosa,,11,,,,,,,,,1,,,,,,11,,,1.0,,,,,,,
Halichoeres prosopeion,,,,,,,,1,,,,,,1,,,,,,,,,,,,,
Halichoeres richmondi,,,,,,,,1,,,,,,,,,,,,,,,,,,,
Halichoeres scapularis,,1,,,11,,,1,,,1,,,11,,,11,,,,,,1.0,,1.0,,
Halichoeres trimaculatus,,,,,1,,,,,,1,,,,,,,,,,,,1.0,,1.0,,
Halichoeres tripunctatus,,,,,,,,,,,,,,1,,,,,,,,,,,,,
Halichoeres sp.,,,,,,,,,,,1,,,,,,1,,,,,,,,,,
Hemigymnus fasciatus,,11,1.0,,1111,,,11,,,11,,,11,1.0,,11,,,11.0,,,,,1.0,,
Hemigymnus melapterus,,111,,,111,1.0,,111,1.0,,1111,,,11,,,111,,,,,,,,1.0,,
Hologymnosus annulatus,,11,,,,,,1,,,,,,,,,,,,1.0,,,,,,,
Hologymnosus doliatus,,1,,,,,,,,,1,,,11,,,11,,,,,,,,,,
Labrichthys unilineatus,,1,,,1111,1.0,,1111,,,11,1.0,,11,,,111,,,11.0,,,,,1.0,,
Labroides alleni,,,1.0,,,,,1,,,1,,,,,,,,,,,,,,1.0,,
Labroides bicolor,,1111,1.0,,11,,,111,,,111,1.0,,111,1.0,,111,,,111.0,,,,,1.0,,
Labroides dimidiatus,,1111,1.0,,1111,1.0,,1111,1.0,,111,,,111,,,1111,,,11.0,,,1.0,,1.0,,
Labroides pectoralis,,1,,,111,1.0,,111,,,1,,,111,1.0,,11,,,1.0,,,,,1.0,,
Labroides sp.,,,,,1,,,11,,,,,,1,,,1,,,1.0,,,,,,,
Leptojulis cyanopleura,,1,,,,,,1,,,1,,,,,,,,,,,,,,,,
Macropharyngodon meleagris,,111,,,11,,,11,,,,,,1,,,1,,,11.0,,,,,,,
Macropharyngodon negrosensis,,11,,,1,,,,,,1,,,1,,,,,,,,,,,,,
Macropharyngodon ornatus,,,,,,,,,,,,,,,,,,,,,,,,,,,
Novaculichthys taeniorus,,111,,,111,1.0,,1,,,1,,,11,,,111,,,1.0,,,1.0,,1.0,,
Oxycheilinus bimaculatus,,,,,,,,,,,,,,,,,,,,,,,,,,,
Oxycheilinus celebicus,,111,,,11,,,11,,,11,,,1,,,11,,,1.0,,,,,,,
Oxycheilinus diagrammus,,1,,,,,,,,,1,,,,,,1,,,,,,1.0,,1.0,,
Oxycheilinus rhodochrous,,,,,,,,1,,,,,,,,,,,,,,,,,,,
Oxycheilinus unifasciatus,,,,,1,,,,,,1,,,11,,,1,,,11.0,,,,,,,
Pseudocheilinus evanidus,,1,,,111,,,1,,,111,,,11,,,11,,,,,,,,,,
Pseudocheilinus hexataenia,,111,,,11,,,11,,,111,,,111,,,111,,,11.0,,,,,,,
Pseudocheilinus octotaenia,,1,,,11,,,1,,,11,,,11,,,111,,,,,,,,,,
Pseudodax mollucanus,,111,,,1,,,11,,,11,,,1,,,1,,,,,,,,,,
Stethojulis bandanensis,,11,1.0,,11,,,,,,1,,,11,,,11,,,1.0,,,,,1.0,,
Stethojulis strigiventer,,1,,,1,,,,,,,,,1,,,,,,,,,1.0,,1.0,,
Stethojulis trilineata,,1,,,,,,,,,,,,1,,,,,,,,,1.0,,1.0,,
Stethojulis sp.,,,,,,,,1,,,,,,,,,,,,,,,,,,,
Thalassoma amblycephalum,,111,1.0,,111,1.0,,111,1.0,,111,1.0,,111,,,111,,,111.0,,,,,1.0,,
Thalassoma hardwicke,,111,,,111,,,1111,,,1111,,,111,,,111,,,11.0,,,1.0,,1.0,,
Thalassoma janseni,,11,,,1,,,,,,11,,,1,,,111,,,1.0,,,1.0,,1.0,,
Thalassoma lunare,,1111,1.0,,1111,1.0,,1111,1.0,,111,1.0,,1111,1.0,,1111,1.0,,111.0,1.0,,1.0,,1.0,,
Thalassoma lutescens,,1,1.0,,1,,,1,,,1,,,1,,,1,,,1.0,,,,,1.0,,
Thalassoma purpureum,,1,,,,,,,,,,,,,,,1,,,1.0,,,1.0,,1.0,,
Thalassoma quinquevittatum,,11,,,,,,,,,1,,,11,,,11,,,1.0,,,,,,,
Wetmorella albofasciata,,,,,,,,,,,,,,1,,,,,,,,,,,,,
Unnamed: 0,Unnamed: 1,Unnamed: 2,Unnamed: 3,Unnamed: 4,Unnamed: 5,Unnamed: 6,Unnamed: 7,Unnamed: 8,Unnamed: 9,Unnamed: 10,Unnamed: 11,Unnamed: 12,Unnamed: 13,Unnamed: 14,Unnamed: 15,Unnamed: 16,Unnamed: 17,Unnamed: 18,Unnamed: 19,Unnamed: 20,Unnamed: 21,Unnamed: 22,Unnamed: 23,Unnamed: 24,Unnamed: 25,Unnamed: 26,Unnamed: 27
,,20002004200820122014,2018.0,,20002004200820122014,2018.0,,20002004200820122014,2018.0,,20002004200820122014,2018.0,,20002004200820122014,2018.0,,20002004200820122014,2018.0,,2004200820122014.0,2018.0,,2000.0,,2018.0,,
Xyrichthys pavo,,,,,,,,1,,,,,,,,,,,,,,,,,,,
Leiognathidae - Ponyfishes,,,,,,,,,,,,,,,,,,,,,,,,,,,
Leiognathus equulus,,,,,,,,,,,,,,,,,,,,,,,,,,,
I Lethrinidae - Emperors,,,,,,,,,,,,,,,,,,,,,,,,,,,
Gnathodentex aureolineatus,,11,1.0,,111,,,1111,,,11,,,11,1.0,,1,,,11.0,1.0,,,,1.0,,
Lethrinus atkinsoni,,,,,1,,,1,,,,,,,,,,,,,,,,,,,
Lethrinus  erythracanthus,,,,,1,,,,,,11,,,11,,,,1.0,,,,,,,1.0,,
Lethrinus erythropterus,,1,,,1,,,1,1.0,,11,,,111,,,,,,,1.0,,,,1.0,,
Lethrinus harak,,1,,,,,,1,,,,,,,,,,,,,,,,,,,
Lethrinus microdon,,,1.0,,,,,,,,,1.0,,,1.0,,1,,,,,,,,1.0,,
Lethrinus nebulosus,,,,,1,,,,,,1,,,,,,1,,,,,,1.0,,1.0,,
Lethrinus obsoletus,,1,,,,,,1,1.0,,,,,,1.0,,,,,,,,,,1.0,,
Lethrinus olivaceus,,111,,,11,,,111,,,111,,,11,1.0,,1,,,1.0,,,,,1.0,,
Lethrinus ornatus,,,,,,,,,,,,,,1,,,,,,,,,,,,,
Lethrinus semicinctus,,,,,1,,,1,,,1,,,,,,,,,,,,1.0,,1.0,,
Lethrinus xanthochilus,,11,,,,,,1,,,1,,,11,,,11,,,1.0,,,,,,,
Monotaxis grandoculis,,1111,1.0,,11111,1.0,,1111,1.0,,1111,1.0,,1111,1.0,,1111,1.0,,111.0,1.0,,1.0,,1.0,,
II  Lutjanidae - snappers,,,,,,,,,,,,,,,,,,,,,,,,,,,
Aphareus furca,,11,1.0,,1111,1.0,,1111,1.0,,111,1.0,,1111,1.0,,1111,1.0,,1.0,1.0,,1.0,,1.0,,
Aprion virescens,,111,,,1,,,1,,,1,,,1,,,1,,,,1.0,,,,1.0,,
Lutjanus argentimaculatus,,,,,,,,11,,,,,,,,,,,,,,,,,,,
Lutjanus biguttatus,,1,1.0,,11,,,,,,1,,,,,,1,,,,,,,,1.0,,
Lutjanus bohar,,111,1.0,,111,1.0,,1111,1.0,,111,1.0,,1111,1.0,,1111,1.0,,1.0,1.0,,,,1.0,,
Lutjanus decussatus,,111,1.0,,1111,1.0,,11,1.0,,111,,,1,1.0,,11,1.0,,,,,1.0,,1.0,,
Lutjanus ehrenbergii,,,,,,,,,,,,,,,,,1,,,,,,,,,,
Lutjanus fulviflamma,,1,,,,,,,,,,,,1,,,,,,,,,,,,,
Lutjanus fulvus,,111,,,111,,,1111,1.0,,11,,,1111,,,1,,,1.0,,,1.0,,1.0,,
Lutjanus gibbus,,111,1.0,,1111,1.0,,111,1.0,,1111,1.0,,1111,1.0,,111,1.0,,11.0,1.0,,,,1.0,,
Lutjanus kasmira,,1,,,1,,,1,,,,,,,,,,,,,,,,,,,
Lutjanus lutjanus,,,,,,,,,,,,,,,,,1,,,,,,,,,,
Lutjanus monostigma,,11,,,111,,,111,1.0,,11,1.0,,11,1.0,,1111,,,,,,1.0,,1.0,,
Lutjanus rivulatus,,11,,,,,,11,,,1,,,11,,,,,,,1.0,,1.0,,1.0,,
Lutjanus russelli,,,,,,,,1,,,,,,,,,,,,,,,,,,,
Lutjanus semicinctus,,1,,,,,,1,,,,,,,,,,,,,,,,,,,
Macolor macularis,,1111,1.0,,1111,1.0,,1111,1.0,,111,1.0,,11111,1.0,,11111,1.0,,111.0,1.0,,,,1.0,,
Macolor niger,,11,,,11,1.0,,11,1.0,,1,1.0,,1,1.0,,1,1.0,,,1.0,,,,1.0,,
Paracaesio sordidus,,,,,,,,,,,,,,,,,,,,,,,1.0,,1.0,,
Symphorichthys spilurus,,1,,,,,,,,,,,,1,,,11,,,,,,,,,,
Symphorus nematophorus,,,,,1,,,,,,,,,,,,,,,,,,,,,,
III Malacanthidae - Sand tilefishes,,,,,,,,,,,,,,,,,,,,,,,,,,,
Haplolatilus starcki,,,,,,,,1,,,1,,,,,,,,,,,,,,,,
Malacanthus brevirostris,,111,,,,,,1,,,11,,,1,,,1,,,,,,1.0,,1.0,,
Malacanthus latovittatus,,1111,,,111,,,11,,,,,,11,,,,,,,,,1.0,,1.0,,
Microdesmidae - Dartfishes,,,,,,,,,,,,,,,,,,,,,,,,,,,
Nemateleotris magnifica,,11,,,11,,,1,,,1,,,,,,11,,,1.0,,,,,,,
Ptereoletris evides,,11,,,,,,1,,,1,,,,,,1,,,1.0,,,,,,,
Ptereoletris heteroptera,,1,,,1,,,,,,,,,,,,,,,,,,,,,,
Ptereoletris zebra,,,,,,,,,,,,,,,,,1,,,,,,,,,,
Monacanthidae - Leatherjackets,,,,,,,,,,,,,,,,,,,,,,,,,,,
Aluterus scriptus,,1,,,,,,1,,,1,,,,,,,,,,,,,,,,
Amanses scopas,,1,,,1,,,,,,11,,,1,,,1,,,11.0,1.0,,1.0,,1.0,,
Cantherhines dumerilii,,,,,,,,,,,,,,1,,,1,,,,,,,,,,
Cantherhines pardalis,,1,,,,,,,,,,,,,,,,,,,,,,,,,
Oxymonocanthus longirostris,,,,,,,,,,,,,,,,,,,,,,,,,,,
Paraluteres prionurus,,1,,,,,,,,,,,,1,,,1,,,,,,,,,,
Pervagor janthinosoma,,,,,,,,,,,,,,,,,1,,,,,,,,,,
Mullidae - Goatfishes,,,,,,,,,,,,,,,,,,,,,,,,,,,
Mulloidichthys flavolineatus,,1,,,1,,,,,,1,,,1,,,,,,1.0,,,,,,,
Mulloidichthys vanicolensis,,1,,,,,,,,,,,,1,,,,,,1.0,,,1.0,,1.0,,
Parupeneus barberinoides,,1,1.0,,,,,11,,,1,1.0,,1,,,,,,,,,,,1.0,,
Parupeneus barberinus,,11,,,11,,,11,,,111,1.0,,111,1.0,,1,,,1.0,,,,,1.0,,
Parupeneus bifasciatus,,111,1.0,,1111,,,1111,,,1,,,1,1.0,,11,,,111.0,,,1.0,,1.0,,
Parupeneus cyclostomus,,1111,1.0,,111,,,111,1.0,,11,1.0,,11,,,11,,,,,,,,1.0,,
Parupeneus indicus,,1,,,,,,1,,,11,,,,,,,,,,,,,,,,
Parupeneus multifasciatus,,1111,1.0,,1111,1.0,,1111,1.0,,1111,1.0,,1111,1.0,,111,1.0,,111.0,1.0,,1.0,,1.0,,
Unnamed: 0,Unnamed: 1,Unnamed: 2,Unnamed: 3,Unnamed: 4,Unnamed: 5,Unnamed: 6,Unnamed: 7,Unnamed: 8,Unnamed: 9,Unnamed: 10,Unnamed: 11,Unnamed: 12,Unnamed: 13,Unnamed: 14,Unnamed: 15,Unnamed: 16,Unnamed: 17,Unnamed: 18,Unnamed: 19,Unnamed: 20,Unnamed: 21,Unnamed: 22,Unnamed: 23,Unnamed: 24,Unnamed: 25,Unnamed: 26,Unnamed: 27
,,20002004200820122014,2018.0,,20002004200820122014,2018.0,,20002004200820122014,2018.0,,20002004200820122014,2018.0,,20002004200820122014,2018.0,,20002004200820122014,2018.0,,2004200820122014.0,2018.0,,2000.0,,2018.0,,
Parupeneus pleurostigma,,,,,1,,,1,,,,1.0,,11,,,,,,,,,,,1.0,,
Upeneus tragula,,1,,,,,,,,,,,,,,,,,,,,,,,,,
Muraenidae - Moray eels,,,,,,,,,,,,,,,,,,,,,,,,,,,
Gymnothorax flavimarginatus,,,,,,,,,,,,,,,,,,,,,,,,,,,
Gymnothorax javanicus,,11,,,,,,1,,,,,,1,,,11,,,,,,,,,,
Gymnothorax melanospilus,,,,,,,,,,,,,,,,,1,,,,,,,,,,
Gymnothorax meleagris,,1,,,,,,,,,,,,,,,,,,1.0,,,,,,,
Nemipteridae - Breams,,,,,,,,,,,,,,,,,,,,,,,,,,,
Pentapodus bifasciatus,,,,,,,,,,,,,,,,,,,,,,,,,,,
Scolopsis bilineatus,,1111,,,11111,1.0,,1111,1.0,,111,1.0,,11,1.0,,111,,,1.0,,,1.0,,1.0,,
Scolopsis lineatus,,11,,,,,,1,,,1,,,,,,,,,,,,,,,,
Scolopsis margaritifer,,,,,11,1.0,,,,,,,,,,,,,,,,,,,1.0,,
Scolopsis monogramma,,,,,1,,,,,,,,,,,,,,,,,,,,,,
Scolopsis trilineatus,,,,,1,,,,,,1,,,1,,,,,,,,,,,,,
Ostraciidae - boxfishes,,,,,,,,,,,,,,,,,,,,,,,,,,,
Ostracion cubicus,,11,,,11,,,11,,,,,,1,,,1,,,,,,1.0,,1.0,,
Ostracion meleagris,,1,,,1,,,1,,,1,,,1,,,11,,,,,,1.0,,1.0,,
Ostracion solorensis,,1,,,,,,,,,,,,,,,,,,,,,,,,,
Pempheridae - Sweepers,,,,,,,,,,,,,,,,,,,,,,,,,,,
Pempheris oulensis,,,,,,,,1,,,,,,,,,,,,,,,,,,,
Pinguipedidae - sandperches,,,,,,,,,,,,,,,,,,,,,,,,,,,
Clathrata multipunctata,,1,,,,,,,,,,,,,,,,,,,,,,,,,
Clathrata tetracantha,,1,,,1,,,,,,,,,,,,,,,,,,,,,,
Parapercis clathrata,,11,,,11,,,1,,,,,,,,,1,,,11.0,,,,,,,
Parapercis cylindrica,,,,,,,,,,,,,,,,,,,,,,,,,,,
Parapercis hexopthalma,,,,,,,,,,,,,,,,,,,,,,,1.0,,1.0,,
Parapercis millipunctata,,,,,1,,,,,,,,,,,,,,,,,,1.0,,1.0,,
Parapercis sp.,,1,,,,,,,,,,,,,,,,,,,,,,,,,
I Pomacanthidae - Angelfishes,,,,,,,,,,,,,,,,,,,,,,,,,,,
Apomelichthys trimaculatus,,,,,,,,1,,,11,,,11,,,11,,,1.0,,,,,,,
Centropyge bicolor,,1111,1.0,,111,,,11,,,111,,,11,,,1,,,11.0,,,,,1.0,,
Centropyge bispinosus,,,,,1111,,,11,,,1,1.0,,11,,,11,,,1.0,,,,,1.0,,
Centropyge flavicauda,,,,,,,,,,,1,,,1,,,,,,,,,,,,,
Centropyge flavissimus,,,,,,,,,,,1,,,,,,,,,,,,,,,,
Centropyge heraldi,,,,,,,,,,,,,,1,,,,,,,,,,,,,
Centropyge multifasciatus,,1,,,1,,,,,,1,,,1,,,,,,1.0,,,,,,,
Centropyge nox,,,,,1,,,,,,,,,,,,,,,1.0,,,,,,,
Centropyge tibicen,,1,1.0,,1,,,11,,,11,,,1,,,111,,,11.0,,,,,1.0,,
Centropyge vroliki,,1111,1.0,,11111,1.0,,1111,,,1111,1.0,,111,1.0,,11111,1.0,,1111.0,1.0,,1.0,,1.0,,
Chaetodontoplus mesoleucus,,1,,,,,,,,,,,,,,,,,,,,,,,,,
Genicanthus lamarcki,,,,,,,,,,,,,,,,,,,,,,,,,,,
Pomacanthus imperator,,111,1.0,,1,,,11,1.0,,111,,,111,,,111,1.0,,1.0,,,,,1.0,,
Pomacanthus navarchus,,,,,,,,11,,,,,,,,,,1.0,,,,,1.0,,1.0,,
Pomacanthus semicirculatus,,1,,,,,,,,,,,,,,,,,,,,,,,,,
Pomacanthus sexstriatus,,1,1.0,,1,,,111,1.0,,11,1.0,,1111,,,111,,,,,,1.0,,1.0,,
Pomacanthus xanthometopon,,1,,,1,,,1,,,11,,,1,,,1,,,1.0,,,,,,,
Pygoplites diacanthus,,1111,1.0,,11111,1.0,,11111,1.0,,11111,1.0,,11111,1.0,,11111,1.0,,1111.0,1.0,,,,1.0,,
II Pomacentridae - Damselfishes,,,,,,,,,,,,,,,,,,,,,,,,,,,
Abudefduf lorenzi,,,,,,,,,,,,,,,,,,,,,,,,,,,
Abudefduf septemfasciatus,,,,,,,,,,,1,,,,,,,,,,,,,,,,
Abudefduf sexfasciatus,,,,,,,,,,,,,,,,,,,,1.0,1.0,,,,1.0,,
Abudefduf vaigiensis,,11,,,,,,1,,,1,,,,,,11,,,111.0,1.0,,1.0,,1.0,,
Acanthochromis polyacanthus,,,,,,,,1,,,,,,,,,,,,,,,,,,,
Amblyglyphidodon aureus,,1111,1.0,,1111,1.0,,1111,1.0,,11,1.0,,111,1.0,,111,1.0,,11.0,1.0,,,,1.0,,
Amblyglyphidodon curacao,,,,,1,,,111,,,1,1.0,,11,1.0,,,,,1.0,,,1.0,,1.0,,
Amblyglyphidodon leucogaster,,,,,111,1.0,,11,1.0,,1,1.0,,11,,,1,,,1.0,,,,,1.0,,
Amphiprion chrysopterus,,,,,,,,,,,,,,,,,,,,,,,,,,,
Amphiprion clarkii,,11,,,1,,,1,,,,,,1,,,11,,,,,,,,,,
Amphiprion frenatus,,,,,,,,1,,,,1.0,,1,,,1,,,,,,,,1.0,,
Amphiprion melanopus,,,,,,,,,,,,,,,,,,,,,,,,,,,
Amphiprion ocellaris,,,,,,,,1,,,,,,1,,,1,,,,,,,,,,
Amphiprion peridereion,,,,,1,,,1,,,,,,,,,,,,,,,,,,,
Amphiprion sandaracinos,,,,,,,,,,,,,,,,,,,,,,,,,,,
Chromis agilis,,,,,1,,,1,,,,,,,,,,,,,,,,,,,
Chromis amboinensis,,1,,,111,1.0,,11,,,1,1.0,,111,1.0,,111,,,1.0,,,,,1.0,,
Unnamed: 0,Unnamed: 1,20002004200820122014,2018,Unnamed: 4,20002004200820122014.1,2018.1,Unnamed: 7,20002004200820122014.2,2018.2,Unnamed: 10,20002004200820122014.3,2018.3,Unnamed: 13,20002004200820122014.4,2018.4,Unnamed: 16,20002004200820122014.5,2018.5,Unnamed: 19,2004200820122014,2018.6,Unnamed: 22,2000,Unnamed: 24,2018.7,Unnamed: 26,Unnamed: 27
Chromis analis,,1.0,1.0,,111.0,,,1.0,1.0,,11.0,1.0,,11.0,,,1111.0,1.0,,111.0,1.0,,,,1.0,,
Chromis atripectoralis,,,,,,,,1.0,,,1.0,,,1.0,,,,,,,,,,,,,
Chromis atripes,,,,,1.0,,,,,,,,,,,,1.0,,,,,,1.0,,1.0,,
Chromis caudalis,,,,,,,,1.0,,,,,,,,,,,,,,,,,,,
Chromis delta,,,,,,,,,,,,,,,,,,,,,,,,,,,
Chromis margaritifer,,1111.0,1.0,,1111.0,1.0,,1111.0,1.0,,1111.0,1.0,,111.0,1.0,,1111.0,1.0,,111.0,1.0,,,,1.0,,
Chromis retrofasciata,,1.0,1.0,,1111.0,1.0,,11.0,1.0,,11.0,1.0,,1111.0,1.0,,111.0,,,11.0,1.0,,,,1.0,,
Chromis ternatensis,,11.0,1.0,,1111.0,1.0,,1111.0,1.0,,1111.0,1.0,,1111.0,1.0,,111.0,,,111.0,1.0,,1.0,,1.0,,
Chromis viridis,,1.0,,,1111.0,1.0,,11.0,1.0,,1111.0,1.0,,11.0,1.0,,1.0,,,1.0,1.0,,,,1.0,,
Chromis weberi,,1111.0,1.0,,1111.0,1.0,,1111.0,1.0,,1111.0,1.0,,1111.0,1.0,,111.0,,,111.0,1.0,,1.0,,1.0,,
Chromis xanthochira,,1.0,,,,,,,,,,,,,,,1.0,,,,,,,,,,
Chromis xanthura,,11.0,1.0,,111.0,1.0,,111.0,1.0,,111.0,1.0,,11.0,1.0,,111.0,1.0,,11.0,1.0,,1.0,,1.0,,
Chrysiptera biocellata,,,,,1.0,,,,,,1.0,,,,,,,,,,,,1.0,,1.0,,
Chrysiptera brownriggi,,,,,1.0,,,,,,,,,,,,,,,,,,,,,,
Chrysiptera cyanea,,111.0,,,111.0,1.0,,1.0,,,,,,,,,1.0,,,,,,1.0,,1.0,,
Chrysiptera leucopoma,,,,,,,,,,,,,,,,,,,,,,,1.0,,1.0,,
Chrysiptera parasema,,,,,1.0,,,1.0,,,1.0,,,1.0,,,,,,,,,,,,,
Chrysiptera rex,,,,,,,,,,,,,,,,,1.0,,,,,,,,,,
Chrysiptera rollandi,,,,,1.0,,,,,,,,,1.0,,,,,,,,,,,,,
Chrysiptera springeri,,1.0,,,1.0,,,,,,,,,1.0,,,,,,,,,,,,,
Chrysiptera talboti,,11.0,,,111.0,,,11.0,,,,,,1.0,,,11.0,,,,,,,,,,
Dascyllus aruanus,,11.0,,,11.0,,,1.0,,,,,,,,,,,,,,,,,,,
Dascyllus reticulatus,,1111.0,,,111.0,1.0,,1111.0,1.0,,1111.0,1.0,,1111.0,1.0,,111.0,,,111.0,1.0,,,,1.0,,
Dascyllus trimaculatus,,1111.0,1.0,,111.0,1.0,,111.0,1.0,,111.0,1.0,,111.0,,,111.0,,,111.0,1.0,,,,1.0,,
Dischistodus chrysopoecilus,,,,,1.0,,,,,,11.0,,,,,,,,,,,,,,,,
Dischistodus melanotus,,,,,1.0,,,,,,11.0,,,1.0,,,,,,,,,,,,,
Dischistodus perspicillatus,,1.0,,,1.0,,,,,,1.0,,,,,,,,,,,,,,,,
Hemiglyphidodon plagiometopon,,,,,,,,,,,1.0,,,,,,,,,,,,,,,,
Neoglyphidodon melas,,11.0,,,1.0,,,111.0,,,11.0,,,11.0,1.0,,,,,1.0,,,1.0,,1.0,,
Neoglyphidodon nigroris,,,,,1.0,,,,,,,,,11.0,,,1.0,,,,,,,,,,
Neoglyphidodon thoracotaeniatus,,1.0,,,111.0,,,,,,,,,1.0,,,,,,1.0,,,,,,,
Neopomacentrus violascens,,,,,1.0,,,,,,,,,,,,,,,,,,,,,,
Plectroglyphidodon dickii,,111.0,,,1.0,,,,,,111.0,1.0,,111.0,,,1.0,1.0,,111.0,1.0,,1.0,,1.0,,
Plectroglyphidodon johnstonianus,,,,,,,,,,,,,,,,,1.0,,,,,,,,,,
Plectroglyphidodon lacrymatus,,111.0,,,111.0,,,1.0,,,1111.0,1.0,,1.0,,,1.0,,,11.0,,,,,1.0,,
Plectroglyphidodon leucozonus,,1.0,,,1.0,,,,,,1.0,,,,,,,,,1.0,,,,,,,
Pomacentrus adelus,,,,,,,,,,,,,,,,,1.0,,,1.0,,,,,,,
Pomacentrus alexanderae,,,,,1.0,,,,,,,,,1.0,,,,,,,,,,,,,
Pomacentrus alleni,,,,,,,,1.0,,,,,,,,,,,,,,,,,,,
Pomacentrus amboinensis,,,,,11.0,,,,,,,,,111.0,,,1.0,,,1.0,,,,,,,
Pomacentrus armillatus,,,,,,,,,,,,,,,,,1.0,,,1.0,,,,,,,
Pomacentrus auriventris,,111.0,1.0,,111.0,1.0,,11.0,,,111.0,1.0,,111.0,1.0,,111.0,1.0,,111.0,,,,,1.0,,
Pomacentrus bankanensis,,1.0,,,,,,,,,1.0,,,1.0,,,11.0,,,,,,,,,,
Pomacentrus brachialis,,11.0,1.0,,1111.0,,,1.0,,,,,,11.0,,,11.0,,,1.0,,,,,1.0,,
Pomacentrus caeruleolineata,,,,,,,,1.0,,,,,,,,,,,,,,,,,,,
Pomacentrus caeruleus,,,,,,,,,,,,,,,,,,,,1.0,,,,,,,
Pomacentrus caudalis,,,,,,,,,,,,,,,,,1.0,,,,,,,,,,
Pomacentrus coelestis,,1.0,,,,,,11.0,,,1.0,,,1.0,,,1.0,,,,,,,,,,
Pomacentrus cyanea,,,,,,,,,,,,,,1.0,,,,,,,,,,,,,
Pomacentrus dickii,,,,,1.0,,,,,,,,,,,,,,,1.0,,,,,,,
Pomacentrus imperator,,,,,,,,1.0,,,,,,,,,,,,,,,,,,,
Pomacentrus lepidogenys,,11.0,1.0,,111.0,1.0,,111.0,,,1.0,,,1111.0,,,11.0,,,11.0,,,1.0,,1.0,,
Pomacentrus magaritifer,,1.0,,,1.0,,,,,,,,,,,,1.0,,,,,,,,,,
Pomacentrus moluccensis,,11.0,,,11.0,1.0,,1111.0,,,11.0,1.0,,111.0,,,1.0,,,1.0,1.0,,1.0,,1.0,,
Pomacentrus nigromanus,,,,,,,,1.0,,,,,,,,,,,,,,,,,,,
Pomacentrus pavo,,,,,1.0,,,,,,,,,,,,,,,,,,,,,,
Pomacentrus philippinus,,1.0,1.0,,,1.0,,,,,,,,,,,,,,,,,,,1.0,,
Pomacentrus tripunctatus,,,,,,,,,,,1.0,,,,,,1.0,,,,,,,,,,
Pomacentrus vaiuli,,1111.0,1.0,,1111.0,,,11.0,,,1111.0,1.0,,111.0,1.0,,11.0,,,11.0,,,1.0,,1.0,,
Pomacentrus xanthura,,11.0,,,11.0,,,1.0,,,1.0,,,11.0,,,11.0,,,1.0,,,,,,,
Pomacentrus sp.,,1.0,,,1.0,,,11.0,,,1.0,,,1.0,,,1.0,,,1.0,,,,,,,
Stegastes lividus,,,,,,,,,,,1.0,,,,,,,,,,,,,,,,
Priacanthidae - Bigeyes,,,,,,,,,,,,,,,,,,,,,,,,,,,
Priacanthus hamrur,,1.0,,,1.0,,,,,,,,,1.0,,,,,,1.0,,,1.0,,1.0,,
Pseudochromidae,,,,,,,,,,,,,,,,,,,,,,,,,,,
Unnamed: 0,Unnamed: 1,20002004200820122014,2018,Unnamed: 4,20002004200820122014.1,2018.1,Unnamed: 7,20002004200820122014.2,2018.2,Unnamed: 10,20002004200820122014.3,2018.3,Unnamed: 13,20002004200820122014.4,2018.4,Unnamed: 16,20002004200820122014.5,2018.5,Unnamed: 19,2004200820122014,2018.6,Unnamed: 22,2000,Unnamed: 24,2018.7,Unnamed: 26,
Pseudochromis marshallensis,,,,,,,,,,,,,,,,,,,,,,,,,,,
Ptereleotridae - Dartfish,,,,,,,,,,,,,,,,,,,,,,,,,,,
Nemateleotris magnifica,,1.0,1.0,,,,,,,,,,,,,,,,,,,,,,1.0,,
Ptereleotris evides,,,,,,,,,,,,,,,,,,,,1.0,,,,,,,
Scaridae - Parrotfishes,,,,,,,,,,,,,,,,,,,,,,,,,,,
Bolbometopon muricatum,,1111.0,1.0,,,,,1.0,,,11.0,,,,1.0,,,,,,,,,,1.0,,
Cetoscarus bicolor,,11.0,1.0,,11.0,1.0,,1111.0,1.0,,1111.0,1.0,,1111.0,1.0,,1111.0,1.0,,11.0,,,,,1.0,,
Chlorurus bleekeri,,1111.0,1.0,,1111.0,1.0,,1111.0,1.0,,1111.0,1.0,,1111.0,1.0,,111.0,1.0,,,,,1.0,,1.0,,
Chlorurus microrhinos,,1111.0,1.0,,111.0,1.0,,1111.0,1.0,,1111.0,,,1111.0,1.0,,11.0,1.0,,1.0,1.0,,,,1.0,,
Chlorurus sordidus,,1111.0,1.0,,1111.0,1.0,,1111.0,1.0,,1111.0,1.0,,1111.0,1.0,,1111.0,1.0,,1.0,,,1.0,,1.0,,
Chlorurus troschelii,,,,,,,,,,,1.0,,,,,,,,,,,,,,,,
Chlorurus sp.,,,1.0,,,1.0,,1.0,1.0,,,1.0,,,1.0,,,1.0,,,,,,,1.0,,
Hipposcarus longiceps,,111.0,1.0,,11.0,,,11.0,,,11.0,,,11.0,,,1111.0,1.0,,1.0,,,,,1.0,,
Scarus altipinnis,,,,,,,,,1.0,,,,,,,,,,,,,,,,1.0,,
Scarus bowersi,,1.0,,,11.0,,,,,,1.0,,,,,,,,,,,,,,,,
Scarus chameleon,,1.0,,,11.0,,,1.0,1.0,,1.0,,,1.0,,,1.0,,,,,,,,1.0,,
Scarus dimidiatus,,111.0,1.0,,1111.0,1.0,,111.0,1.0,,1111.0,1.0,,111.0,1.0,,11.0,1.0,,,,,1.0,,1.0,,
Scarus festivus,,,,,,,,,,,,,,,,,,,,,,,,,,,
Scarus flavipectoralis,,,1.0,,,,,,,,,,,1.0,1.0,,1.0,1.0,,,,,,,1.0,,
Scarus forsteni,,111.0,1.0,,11.0,1.0,,,,,1.0,,,1.0,1.0,,11.0,1.0,,111.0,1.0,,,,1.0,,
Scarus frenatus,,1.0,1.0,,,1.0,,1.0,1.0,,,1.0,,,1.0,,,1.0,,,,,,,1.0,,
Scarus ghobban,,11.0,,,,1.0,,1.0,1.0,,1.0,,,11.0,,,11.0,1.0,,1.0,,,,,1.0,,
Scarus gibbus,,,,,,,,,,,,,,,,,,,,,,,,,,,
Scarus globiceps,,,,,,,,1.0,,,,,,,,,,,,,,,,,,,
Scarus hypselopterus,,1.0,,,1.0,,,1.0,,,1.0,,,1.0,,,,,,,,,,,,,
Scarus javanicus,,,,,,,,,,,,,,,,,,,,,,,,,,,
Scarus niger,,1111.0,1.0,,1111.0,1.0,,1111.0,1.0,,111.0,1.0,,111.0,1.0,,11.0,1.0,,111.0,1.0,,1.0,,1.0,,
Scarus oviceps,,1.0,,,111.0,1.0,,11.0,,,1.0,1.0,,11.0,1.0,,111.0,1.0,,,1.0,,1.0,,1.0,,
Scarus prasiognathus,,11.0,,,1.0,,,,,,1.0,1.0,,1.0,1.0,,,,,,,,,,1.0,,
Scarus psittacus,,1.0,,,1.0,,,,1.0,,,1.0,,1.0,1.0,,,,,,,,,,1.0,,
Scarus pyrrhurus,,1.0,,,,,,,,,,,,,,,,,,,,,1.0,,1.0,,
Scarus rivulatus,,,,,1.0,,,,,,1.0,,,1.0,,,,,,,,,,,,,
Scarus rubroviolaceus,,,1.0,,,,,1.0,,,,,,,,,1.0,1.0,,1.0,1.0,,1.0,,1.0,,
Scarus russelli,,1.0,,,,,,,,,,,,1.0,,,1.0,,,1.0,,,,,,,
Scarus scaber,,,,,,,,,,,,,,,,,,,,,,,,,,,
Scarus schlegeli,,11.0,1.0,,11.0,,,1.0,,,11.0,,,111.0,,,11.0,1.0,,,,,1.0,,1.0,,
Scarus spinus,,11.0,,,1.0,,,,,,11.0,,,1.0,,,,,,,,,1.0,,1.0,,
Scarus tricolor,,1111.0,1.0,,11.0,,,111.0,1.0,,111.0,,,1.0,,,1.0,,,111.0,1.0,,,,1.0,,
Scarus sp.,,11.0,,,1.0,,,1.0,,,1.0,,,1.0,1.0,,1.0,,,,,,,,1.0,,
Scombridae - tunas/ mackerels,,,,,,,,,,,,,,,,,,,,,,,,,,,
Gymnosorda unicolor,,1.0,,,1.0,,,1.0,,,,,,1.0,,,1.0,,,,,,,,,,
Scorpaenidae - scorpionfishes,,,,,,,,,,,,,,,,,,,,,,,,,,,
Dendrochirus biocellatus,,11.0,,,,,,1.0,,,,,,,,,,,,,,,,,,,
Pterois antennata,,1.0,,,,,,,,,,,,,,,,,,1.0,,,,,,,
Pterois volitans,,1.0,,,,,,1.0,,,,,,,,,1.0,,,,,,,,,,
Scorpaenopsis diabolus,,,,,,,,,,,,,,,,,,,,,,,,,,,
Scorpaenopsis guamensis,,,,,,,,,,,,,,,,,,,,,,,,,,,
Scorpaenopsis oxycephala,,,,,,,,,,,,,,1.0,,,,,,,,,,,,,
Serranidae -  basslets/soapfish/groupers,,,,,,,,,,,,,,,,,,,,,,,,,,,
Anthiinae,,,,,,,,,,,,,,,,,,,,,,,,,,,
Pseudanthias dispar,,111.0,,,11.0,,,1111.0,1.0,,111.0,1.0,,11.0,1.0,,11.0,1.0,,11.0,1.0,,,,1.0,,
Pseudanthias huchtii,,1111.0,1.0,,1111.0,1.0,,1111.0,1.0,,111.0,1.0,,111.0,1.0,,1111.0,1.0,,111.0,1.0,,,,1.0,,
Pseudanthias octofasciatus,,,,,,,,1.0,,,,,,,,,1.0,,,,,,,,,,
Pseudanthias pleurotaenia,,11.0,,,1.0,1.0,,,,,,,,1.0,,,,1.0,,1.0,,,,,1.0,,
Pseudanthias randalli,,,,,,,,,,,,,,,,,,,,,,,,,,,
Pseudanthias smithvanizi,,,1.0,,,,,,1.0,,1.0,1.0,,1.0,,,,1.0,,,,,,,1.0,,
Pseudanthias squamipinnis,,1111.0,1.0,,,,,111.0,1.0,,11.0,,,,,,111.0,,,111.0,,,,,1.0,,
Pseudanthias tuka,,111.0,1.0,,1111.0,1.0,,11111.0,1.0,,111.0,1.0,,111.0,1.0,,1111.0,1.0,,111.0,1.0,,,,1.0,,
Pseudanthias sp.,,,,,,,,1.0,,,11.0,,,,,,1.0,,,1.0,,,,,,,
Gramistinae,,,,,,,,,,,,,,,,,,,,,,,,,,,
Grammistes sexlineatus,,,,,,,,,,,,,,1.0,,,,,,,,,,,,,
Pogonoperca punctata,,,,,,,,,,,,,,,,,,,,1.0,,,1.0,,1.0,,
Aethaloperca rogaa,,1111.0,1.0,,1111.0,1.0,,1111.0,1.0,,1111.0,1.0,,111.0,1.0,,111.0,1.0,,11.0,1.0,,1.0,,1.0,,
Epinephilinae,,,,,,,,,,,,,,,,,,,,,,,,,,,
Anyperodon leucogrammicus,,1.0,,,11.0,,,1.0,1.0,,1.0,,,11.0,1.0,,,,,,,,,,1.0,,
Unnamed: 0,Unnamed: 1,20002004200820122014,2018,Unnamed: 4,20002004200820122014.1,2018.1,Unnamed: 7,20002004200820122014.2,2018.2,Unnamed: 10,20002004200820122014.3,2018.3,Unnamed: 13,20002004200820122014.4,2018.4,Unnamed: 16,20002004200820122014.5,2018.5,Unnamed: 19,2004200820122014,2018.6,Unnamed: 22,2000,Unnamed: 24,2018.7,Unnamed: 26,Unnamed: 27
Cephalopholis argus,,1111.0,1.0,,1111.0,1.0,,1111.0,1.0,,1111.0,1.0,,1111.0,1.0,,1111.0,1.0,,111.0,1.0,,1.0,,1.0,,
Cephalopholis boenak,,1.0,,,,,,,,,,,,1.0,,,,,,1.0,,,,,,,
Cephalopholis cyanostigma,,,,,,,,,1.0,,,,,,,,,,,1.0,,,,,1.0,,
Cephalopholis leopardus,,1.0,1.0,,,,,,,,,,,1.0,,,1.0,1.0,,,1.0,,,,1.0,,
Cephalopholis miniata,,11.0,1.0,,1.0,,,1.0,1.0,,1.0,1.0,,1.0,1.0,,111.0,1.0,,11.0,1.0,,,,1.0,,
Cephalopholis polleni,,,,,,,,,,,,,,1.0,,,,,,,,,,,,,
Cephalopholis sexmaculata,,,,,,,,,,,1.0,,,,,,1.0,,,,,,,,,,
Cephalopholis sonnerati,,,,,,,,,,,,,,,,,1.0,,,,,,,,,,
Cephalopholis urodeta,,1111.0,1.0,,1111.0,1.0,,1111.0,1.0,,1111.0,1.0,,111.0,1.0,,1111.0,1.0,,111.0,1.0,,,,1.0,,
Epinephelus caeruleopunctatus,,,,,,,,,,,,,,,,,,,,,,,,,,,
Epinephelus fasciatus,,111.0,1.0,,1.0,,,11.0,,,1.0,,,1.0,1.0,,11.0,,,1.0,,,,,1.0,,
Epinephelus fuscoguttatus,,,,,,,,,,,,,,1.0,,,11.0,,,,,,,,,,
Epinephelus hexagonatus,,,,,,,,,,,,,,,,,,,,,,,,,,,
Epinephelus merra,,1.0,,,111.0,,,,,,1.0,,,1.0,1.0,,11.0,,,,,,1.0,,1.0,,
Epinephelus microdon,,,,,,,,,,,,,,,,,,,,,,,,,,,
Epinephelus ongus,,,,,,,,,,,,,,1.0,,,1.0,,,,,,,,,,
Epinephelus polyphekadion,,,,,,,,,,,,1.0,,1.0,,,,,,,,,,,1.0,,
Epinephelus sexfasciatus,,,,,1.0,,,1.0,,,,,,1.0,,,1.0,,,1.0,,,,,,,
Epinephelus tauvina,,,,,,,,,,,,,,,,,,,,,,,1.0,,1.0,,
Epinephelus sp.,,1.0,,,1.0,,,11.0,,,1.0,,,1.0,,,1.0,,,,,,,,,,
Gracila albomarginata,,1.0,,,1.0,1.0,,111.0,1.0,,1.0,,,,1.0,,,,,,1.0,,,,1.0,,
Plectropomus areolatus,,,,,1.0,,,,,,,,,,,,,,,,,,,,,,
Plectropomus laevis,,111.0,,,111.0,,,1.0,,,1111.0,,,1.0,1.0,,1.0,,,,,,,,1.0,,
Plectropomus  leopardus,,1.0,,,,,,,,,,,,,,,,,,,,,,,,,
Plectropomus oligacanthus,,,,,1.0,,,1.0,,,,,,,,,1.0,,,,,,,,,,
Variola albimarginata,,1.0,,,,,,,,,,,,,,,,,,,,,,,,,
Variola louti,,1.0,1.0,,111.0,,,,,,111.0,1.0,,11.0,1.0,,,,,,,,,,1.0,,
Siganidae - Rabbitfishes,,,,,,,,,,,,,,,,,,,,,,,,,,,
Siganus argentus,,,,,,1.0,,,,,,,,,,,,,,,,,,,1.0,,
Siganus doliatus,,,,,,,,,,,,,,,,,1.0,,,,,,,,,,
Siganus corallinus,,11.0,,,11.0,,,111.0,1.0,,,1.0,,11.0,,,,,,,,,,,1.0,,
Siganus puellus,,,1.0,,,1.0,,1.0,1.0,,1.0,1.0,,11.0,,,11.0,,,,,,,,1.0,,
Siganus punctatissimus,,1.0,1.0,,111.0,1.0,,,,,1.0,,,1.0,1.0,,11.0,1.0,,,1.0,,,,1.0,,
Siganus punctatus,,,,,11.0,,,1.0,,,,,,11.0,,,,,,,,,,,,,
Siganus stellatus,,,,,1.0,,,,,,,,,,,,,,,,,,,,,,
Siganus tetrazonus,,,,,1.0,,,,,,,,,,,,1.0,,,,,,,,,,
Siganus unimaculatus,,,,,1.0,1.0,,1.0,,,,,,,,,1.0,,,,,,,,1.0,,
Siganus virgatus,,,,,1.0,,,11.0,,,1.0,,,1.0,,,,,,,,,,,,,
Siganus vulpinus,,1.0,,,11111.0,1.0,,11.0,1.0,,11111.0,1.0,,1111.0,1.0,,111.0,1.0,,,,,,,1.0,,
Soleidae - Soles,,,,,,,,,,,,,,,,,,,,,,,,,,,
Pardachirus pavoninus,,,,,1.0,,,,,,,,,,,,,,,,,,,,,,
Sphyraenidae - Barracudas,,,,,,,,,,,,,,,,,,,,,,,,,,,
Sphyraena barracuda,,1.0,,,,,,,,,1.0,,,,,,1.0,,,,,,,,,,
Sphyraena forsteri,,,,,,,,,,,,,,,,,,,,,,,,,,,
Sphyraena qenie,,1.0,,,1.0,1.0,,,,,,,,,,,,,,,,,,,1.0,,
Synotodontidae -Lizardfishes,,,,,,,,,,,,,,,,,,,,,,,,,,,
Saurida gracilis,,1.0,,,,,,1.0,,,,,,1.0,,,,,,,,,,,,,
Synodos variegatus,,,,,,,,,,,,,,,,,,,,,,,,,,,
Tetraodontidae - Puffers,,,,,,,,,,,,,,,,,,,,,,,,,,,
Arothron hispidus,,,,,1.0,,,,,,,,,1.0,,,1.0,,,,,,,,,,
Arothron mappa,,1.0,,,,,,11.0,,,,,,,,,1.0,,,,,,,,,,
Arothon meleagris,,,,,1.0,,,,,,,,,,,,,,,,,,,,,,
Arothron nigropunctatus,,1111.0,,,1111.0,1.0,,1111.0,,,1111.0,1.0,,111.0,1.0,,11.0,,,1.0,,,1.0,,1.0,,
Arothron stellatus,,11.0,,,1.0,,,1.0,,,,,,1.0,,,1.0,,,,,,,,,,
Canthigaster bennetti,,,,,,,,,,,,,,,,,,,,,,,,,,,
Canthigaster compressa,,1.0,,,,,,,,,,,,,,,,,,,,,,,,,
Canthigaster papua,,1.0,,,1.0,,,,,,,,,,,,1.0,,,,,,,,,,
Canthigaster solandri,,,,,,,,1.0,,,,,,,,,,,,,,,,,,,
Canthigaster valentini,,1.0,,,1.0,,,1.0,,,,,,1.0,,,,,,,,,,,,,
Zanclidae - Moorish idol,,,,,,,,,,,,,,,,,,,,,1.0,,,,1.0,,
Zanclus cornutus,,1111.0,1.0,,11111.0,1.0,,11111.0,1.0,,11111.0,1.0,,11111.0,1.0,,11111.0,1.0,,1111.0,,,,,1.0,,
