id,rank,scientific_name,best_identity,total_reads,superkingdom,kingdom,phylum,class,order,family,genus,species,BE1,BE2,BE3,BE4,BE5,BE6,BE7,BE8,JA1,JA2,JA3,JA4,JA5,JA6,JA7,JA8,JA9,JA10,JA11,TC1,TC2,TC3,TC4,TC5,TC6,TC7,TC8,TC9,TC10,TC11,TC12,TC13,TC14,TC15,TC16,TC17,TC18,TC19,TC20,BH1,BH2,BH3,BH4,BH5,BH6,BH7,BH8,BH9,BH10,BH11,BH12,BH13,BH14,BH15,NO1,NO2,NO3,NO4,NO5,NO6,NN1,NN2,NN3,NN4,NN5,NN6,NN7,NN8,NN9,NN10,NC1,NC2,NC3,NC4,NC5,NC6,sequence
SK34_000000029,species,Timarete caribous,0.9921,4761,Opisthokonta,Metazoa,Annelida,Polychaeta,Spionida,Cirratulidae,Timarete,Timarete caribous,0,0,0,0,1,0,1,1,4725,1,0,0,0,1,1,2,0,15,0,0,0,0,0,0,0,5,0,0,0,0,0,0,0,0,5,0,0,0,0,0,0,0,0,0,0,0,0,0,0,0,0,0,0,0,0,0,0,0,0,2,0,0,0,0,0,0,0,0,0,0,0,0,0,0,0,0,ATTATATTTTATTTTTGGCATTTGATCCGGTCTACTAGGAACAACTATAAGACTAGTAATCCGTATTGAACTCTCCCAACCTGGCACCGTCCTAGGTAATGACCAACTTTATAATGTCATTGTAACC
SK34_000016020,class,Polychaeta,0.874,3467,Opisthokonta,Metazoa,Annelida,Polychaeta,,,,,1,2,0,11,0,0,125,1,1,5,0,0,307,0,0,21,0,2,2,3,0,1,44,0,963,1,0,0,37,1,1,2,84,624,0,0,0,578,8,0,2,0,7,0,0,0,1,0,0,182,0,1,0,3,1,1,2,0,2,0,0,2,0,129,0,0,0,1,0,1,0,0,19,190,0,0,GCTCTATTTTATTTTTGGTGTTTGATCAGGTTTACTAGGCACATCTATAAGACTTCTTATTCGAGTTGAACTAGGCCAACCAGGCTCTTTCTTAGGGAGCGATCAGCTTTATAACACTATCGTAACA
SK34_000016036,no rank,Schizophora,0.8984,147,Opisthokonta,Metazoa,Arthropoda,Insecta,Diptera,,,,0,0,0,0,0,0,0,0,0,0,0,0,0,0,0,0,0,0,0,0,0,0,0,0,0,0,0,0,0,0,0,0,0,0,147,0,0,0,0,0,0,0,0,0,0,0,0,0,0,0,0,0,0,0,0,0,0,0,0,0,0,0,0,0,0,0,0,0,0,0,0,0,0,0,0,0,TCTATATTTTATTTTTGGAGCCTGAGCAGGAATAGTAGGCACCTCTTTAAGTATTCTAATTCGAGCTGAATTAGGACATCCAGGAGCCTTAATTGGCAATGATCAAATCTATAATGTAATTGTTACA
SK34_000026960,subclass,Neoptera,0.845,14,Opisthokonta,Metazoa,Arthropoda,Insecta,,,,,0,0,0,0,0,0,0,0,0,0,0,0,0,0,0,0,0,0,0,0,0,0,0,0,0,0,0,0,0,1,0,0,8,0,5,0,0,0,0,0,0,0,0,0,0,0,0,0,0,0,0,0,0,0,0,0,0,0,0,0,0,0,0,0,0,0,0,0,0,0,0,0,0,0,0,0,TTTATATTTTCTACTTGGTGTTTGAGGTGGCCTTTTAGGCACATCTATAAGTCTGCTAATTCGTATTGAACTTGGGCAACCAGGATCTTTTCTAGGCAGAGACCAAATTTATAACACCATTGTAACT
SK34_000012373,order,Decapoda,0.8015,1,Opisthokonta,Metazoa,Arthropoda,Malacostraca,Decapoda,,,,3,0,0,0,0,0,0,0,0,1,0,0,0,0,0,0,0,0,0,0,0,0,0,0,0,0,0,0,0,0,0,0,0,0,0,0,0,0,0,0,0,0,0,0,0,0,0,0,0,0,0,0,0,0,0,0,0,0,0,0,0,0,0,0,0,0,0,0,0,0,0,0,0,0,0,0,ATTATACTTTATTTTCGGGGCCTGGGCCGGAATAGTAGGGACCGGCCTAAGACTCTTAATTCGAGCTGAGCTAGGACAACCAGGTAGATTCATCGGAAATGATCAAATCTACAACGTTATCGTGACA
SK34_000000021,class,Maxillopoda,1,5756,Opisthokonta,Metazoa,Arthropoda,Maxillopoda,,,,,0,1,0,0,0,0,0,1028,1,1296,0,0,0,0,0,1,0,0,2,15,0,0,0,0,0,0,0,0,0,1,0,1,0,1,712,0,16,0,1250,1,0,0,0,1,994,1,2,1,0,0,7,0,14,35,0,0,0,0,0,0,0,236,0,98,0,0,0,0,0,0,30,0,9,0,2,0,CTTATATTTAATTTCTGGCGCTTGGTCAGGAATAGTTGGAACAGGATTAAGTATAATTATTCGGTTAGAACTGGGCCAAGGGGGGTCTTTGATAGGGGATGATCAGGTATATAATGTGGTAGTCACT
SK34_000016009,no rank,Pancrustacea,0.814,3009,Opisthokonta,Metazoa,Arthropoda,,,,,,0,0,0,0,0,0,0,0,0,1,0,0,0,0,0,0,0,0,0,0,0,0,2,1,0,1,0,2,0,1,0,1,273,2,2423,0,0,0,0,14,0,0,2,0,0,3,0,0,0,0,4,0,0,1,0,0,0,0,0,0,0,0,0,61,0,0,0,217,0,0,0,0,0,0,0,0,TTTATATTTTCTACTTGGTGTTTGAGGTGGCCTTTTAGGCACATCTATAAGTCTGCTAATTCGAATTGAACTTGGGCAACCGGGATCTTTTCTAGGCAGAGACCAAATTTATAACACCATTGTAACT
SK34_000001610,phylum,Bryozoa,1,9351,Opisthokonta,Metazoa,Bryozoa,,,,,,0,3,0,0,0,0,0,0,0,0,0,0,0,0,0,0,0,0,0,0,1,0,0,0,0,0,1,0,0,0,0,2,0,9308,0,0,0,0,0,0,0,0,0,5,0,0,0,0,0,0,0,0,23,0,0,0,0,0,0,0,0,0,0,0,0,0,6,0,0,0,0,0,2,0,0,0,ATTATATTTTTTATTCGGAATCTGAGCCGGTATAGTGGGCTCAGGATTAAGAAGATTAATTCGAATTGAATTAAGACAACCTGGAAGATTTTTAGGGAATGACCAACTATATAATGTAATTGTCACC
SK34_000000001,phylum,Bryozoa,1,142965,Opisthokonta,Metazoa,Bryozoa,,,,,,99,9,76,400,13,17,218,134596,24,30,1,5,35,28,3,12,8,110,59,0,0,0,0,1,0,1,0,1,1,0,27,0,36,0,20,0,0,0,0,0,0,110,5497,1,89,0,448,216,0,21,12,0,4,252,0,18,96,2,26,0,0,0,0,107,5,0,1,4,0,0,0,6,49,188,0,76,ATTATATTTTTTATTCGGGATCTGAGCCGGAATAGTAGGCTCAGGTCTAAGAAGATTAATTCGAATTGAATTAAGACAACCTGGAAGATTTTTAGGAAATGATCAATTATATAACGTAATTGTCACC
SK34_000015999,species,Synodus foetens,1,295,Opisthokonta,Metazoa,Chordata,Actinopterygii,Aulopiformes,Synodontidae,Synodus,Synodus foetens,1,0,0,0,0,0,0,0,0,0,0,0,0,0,0,0,0,0,0,0,0,0,0,0,289,0,0,0,0,0,0,0,0,0,0,0,0,0,0,0,0,0,0,0,0,0,0,0,0,0,0,1,0,0,0,0,0,0,0,0,0,0,0,5,0,0,0,0,0,0,0,0,0,0,0,0,CCTCTATATAATTTTTGGTGCCTGAGCTGGAATAGTAGGAACAGCTTTAAGCTTATTAATTCGAGCCGAACTAAGCCAGCCTGGGGCTCTTCTGGGAGATGACCAAATTTACAACGTCATCGTCACG
SK34_000000484,species,Enneanectes boehlkei,1,66,Opisthokonta,Metazoa,Chordata,Actinopterygii,Blenniiformes,Tripterygiidae,Enneanectes,Enneanectes boehlkei,0,0,0,66,0,0,0,0,0,0,0,0,0,0,0,0,0,0,0,0,0,0,0,0,0,0,0,0,0,0,0,0,0,0,0,0,0,0,0,0,0,0,0,0,0,0,0,0,0,0,0,0,0,0,0,0,0,0,0,0,0,0,0,0,0,0,0,0,0,0,0,0,0,0,0,0,CCTCTACCTCGTATTCGGTGCTTGAGCTGGGATAGTAGGAACCGCCTTAAGCCTGCTTATCCGTGCAGAACTTAGCCAGCCCGGCGCTCTTCTCGGAGATGACCAAATTTACAACGTTATCGTTACA
SK34_000017954,species,Carangoides bartholomaei,1,2,Opisthokonta,Metazoa,Chordata,Actinopterygii,Carangiformes,Carangidae,Carangoides,Carangoides bartholomaei,0,0,0,0,0,0,0,0,0,0,0,0,0,0,0,0,0,0,0,0,0,0,0,0,0,0,0,0,0,0,0,0,0,0,0,0,0,0,0,0,0,0,0,0,2,0,0,0,0,0,0,0,0,0,0,0,0,0,0,0,0,0,0,0,0,0,0,0,0,0,0,0,0,0,0,0,CCTTTATCTAGTATTTGGTGCCTGAGCCGGAATAGTAGGAACAGCTTTAAGCTTACTTATCCGAGCAGAACTTAGCCAACCTGGTGCCCTTCTAGGGGACGACCAGATTTATAACGTAATTGTTACG
SK34_000020328,species,Carangoides ruber,1,1,Opisthokonta,Metazoa,Chordata,Actinopterygii,Carangiformes,Carangidae,Carangoides,Carangoides ruber,0,0,0,0,0,0,0,0,0,0,0,0,0,0,0,0,0,0,0,0,0,0,0,0,0,0,0,0,0,0,0,0,0,0,0,0,0,0,0,0,0,0,0,0,0,0,0,0,0,0,0,0,0,1,0,0,0,0,0,0,0,0,0,0,0,0,0,0,0,0,0,0,0,0,0,0,CCTATATCTAGTATTTGGTGCCTGAGCCGGAATAGTAGGAACAGCTTTAAGCTTACTTATCCGAGCAGAACTTAGCCAACCTGGTGCCCTTCTAGGGGATGACCAGATTTATAATGTAATCGTTACG
SK34_000021984,genus,Carangoides,0.9606,1,Opisthokonta,Metazoa,Chordata,Actinopterygii,Carangiformes,Carangidae,Carangoides,,0,0,0,0,0,0,0,0,0,0,0,0,0,0,0,0,0,0,0,0,0,0,0,0,0,0,0,0,0,0,0,0,0,0,0,0,0,0,0,0,0,0,0,0,1,0,0,0,0,0,0,0,0,0,0,0,0,0,0,0,0,0,0,0,0,0,0,0,0,0,0,0,0,0,0,0,CCTTTATCTAGTATTTGGTTCCTGAGCCGGAATAGTAGGAACAGCTTTAAGCTTACTTATCCGAGCAGAACTTACCCAACGTGGTGCCCTTCTACGGGACGACCAGATTTATAACGTCATTGTTACG
SK34_000021002,genus,Carangoides,0.9528,1,Opisthokonta,Metazoa,Chordata,Actinopterygii,Carangiformes,Carangidae,Carangoides,,0,0,0,0,0,0,0,0,0,0,0,0,0,0,0,0,0,0,0,0,0,0,0,0,0,0,0,0,0,0,0,0,0,0,0,0,0,0,0,0,0,0,0,0,0,0,0,0,0,0,0,0,0,1,0,0,0,0,0,0,0,0,0,0,0,0,0,0,0,0,0,0,0,0,0,0,CCTATATCTAGTATTTGGTGCCTGAGCCGGAATAGTAGGAACAGCTTTAAGCTTACTTATCCGAGCAGAACTTAGCCAACCTGGTGCCTTTATAGGGGATGACTAGATTTATAATTTAAGAGTTACG
SK34_000016960,species,Selar crumenophthalmus,1,15,Opisthokonta,Metazoa,Chordata,Actinopterygii,Carangiformes,Carangidae,Selar,Selar crumenophthalmus,0,0,0,0,0,0,0,0,0,0,0,0,0,0,0,0,0,0,0,0,0,0,0,1,0,0,0,0,0,0,0,0,0,0,0,0,0,0,0,0,0,0,14,0,0,0,0,0,0,0,0,0,0,0,0,0,0,0,0,0,0,0,0,0,0,0,0,0,0,0,0,0,0,0,0,0,CCTATATCTGGTATTTGGTGCTTGAGCTGGAATAGTCGGTACAGCCCTAAGCTTACTTATTCGAGCAGAACTAAGCCAACCTGGCGCTCTTTTAGGAGATGACCAAATTTACAACGTAATTGTTACT
SK34_000016604,species,Coryphopterus venezuelae,1,16,Opisthokonta,Metazoa,Chordata,Actinopterygii,Gobiiformes,Gobiidae,Coryphopterus,Coryphopterus venezuelae,6,0,0,0,0,0,0,0,0,0,0,0,0,0,0,0,0,0,0,0,0,0,0,0,0,0,0,0,0,0,0,0,0,0,0,0,0,0,0,0,0,0,0,0,0,0,0,0,0,0,0,0,0,16,0,0,0,0,0,0,0,0,0,0,0,0,0,0,0,0,0,0,0,0,0,0,CCTTTATTTAGTTTTTGGTGCCTGAGCCGGAATAGTAGGGACTGCATTAAGCCTTCTTATCCGGGCTGAACTTAGTCAACCGGGGGCCCTCCTCGGAGATGACCAAATTTACAATGTTATTGTAACT
SK34_000032743,species,Oxycheilinus bimaculatus,1,129,Opisthokonta,Metazoa,Chordata,Actinopterygii,Labriformes,Labridae,Oxycheilinus,Oxycheilinus bimaculatus,0,0,0,0,0,0,0,0,0,0,0,0,0,0,0,0,0,0,0,0,0,0,0,0,0,0,0,0,0,0,0,0,0,0,0,0,0,0,0,0,0,0,0,0,0,0,0,0,0,0,0,0,0,0,0,0,0,129,0,0,0,0,0,0,0,0,0,0,0,0,0,0,0,0,0,0,CCTTTACCTTGTATTTGGTGCCTGAGCCGGAATAGTAGGGACTGCCCTCAGCCTACTTATTCGAGCGGAGCTCAGTCAACCAGGAGCACTTCTGGGAGATGACCAGATCTATAACGTAATTGTAACA
SK34_000016466,species,Thalassoma bifasciatum,1,87,Opisthokonta,Metazoa,Chordata,Actinopterygii,Labriformes,Labridae,Thalassoma,Thalassoma bifasciatum,0,0,0,0,0,0,0,0,0,0,0,0,0,0,0,0,0,0,0,0,0,0,0,0,0,0,0,0,0,0,0,21,0,0,35,0,0,0,0,0,0,0,0,0,0,0,0,0,0,0,0,0,7,14,0,0,0,0,0,0,0,0,0,10,0,0,0,0,0,0,0,0,0,0,0,0,CCTCTATCTTGTGTTCGGCGCATGAGCCGGGATAGTAGGGACAGCCCTAAGCCTGCTCATCCGAGCAGAGTTAAGCCAGCCCGGCGCCCTCCTTGGGGACGATCAGATTTATAACGTTATCGTTACA
SK34_000018282,genus,Scomberomorus,1,4,Opisthokonta,Metazoa,Chordata,Actinopterygii,Scombriformes,Scombridae,Scomberomorus,,0,0,0,0,0,0,0,0,0,0,0,0,0,0,0,0,0,0,0,0,0,0,0,0,0,0,0,0,0,0,0,0,0,0,0,0,0,0,0,0,0,3,1,0,0,0,0,0,0,0,0,0,0,0,0,0,0,0,0,0,0,0,0,0,0,0,0,0,0,0,0,0,0,0,0,0,CCTCTATCTAGTATTTGGTGCATGAGCTGGAATAGTTGGCACAGCCCTAAGCCTTCTTATCCGAGCTGAACTAAGCCAACCAGGAGCCCTTCTTGGAGATGACCAAATTTACAATGTAATCGTTACA
SK34_000016355,species,Diodon hystrix,1,14,Opisthokonta,Metazoa,Chordata,Actinopterygii,Tetraodontiformes,Diodontidae,Diodon,Diodon hystrix,0,0,0,0,0,0,0,0,0,0,0,0,0,0,0,0,0,0,0,0,0,0,0,0,0,0,0,0,0,0,0,0,0,0,0,0,0,0,0,0,0,0,0,0,0,0,0,0,0,0,0,0,0,14,0,0,0,0,0,0,0,0,0,0,0,0,0,0,0,0,0,0,0,0,0,0,TCTTTATTTAGTATTCGGTGCCTGAGCCGGAATGGTTGGGACGGCGCTTAGCCTCCTGATCCGGGCCGAACTTAGTCAACCAGGGAGCCTCCTTGGAGACGACCAAATTTACAACGTCATTGTTACG
SK34_000000158,species,Pervagor janthinosoma,0.9921,62,Opisthokonta,Metazoa,Chordata,Actinopterygii,Tetraodontiformes,Monacanthidae,Pervagor,Pervagor janthinosoma,0,0,0,1,0,0,0,0,0,0,0,0,0,0,0,0,0,0,0,0,0,0,0,0,0,0,0,0,0,0,0,0,0,0,0,0,0,0,0,0,0,0,0,0,0,0,0,0,0,0,0,0,0,0,0,0,0,0,0,0,0,0,0,0,0,0,0,0,0,0,0,0,0,0,0,61,CCTTTATCTAATTTTTGGTGCCTGAGCAGGCATGGTCGGCACAGCCCTAAGCCTGTTAATCCGGGCCGAACTAAGCCAACCTGGCGCTCTCCTTGGAGACGACCAAATTTACAACGTAATCGTTACA
SK34_000033896,no rank,Euteleostomi,0.7769,1,Opisthokonta,Metazoa,Chordata,Actinopterygii,,,,,0,0,0,0,0,0,0,0,0,0,0,0,0,0,0,0,0,0,0,0,0,0,0,0,0,0,0,0,0,0,0,0,0,0,0,0,0,0,0,0,0,0,0,0,0,0,0,0,0,0,0,0,0,0,0,0,0,0,0,0,0,0,0,1,0,0,0,0,0,0,0,0,0,0,0,0,ACTATACCTATTATTCGGCGCATGAGCTGGAGTCCTAGGCACATCTATAAGTCTGCTAATTCGAATTGAACTTGGGCAACCGGGATCTTTTCTAGGCAGAGACCAAATTTATAACACCATTGTAACT
SK34_000000028,species,Gallus gallus,1,2084,Opisthokonta,Metazoa,Chordata,Aves,Galliformes,Phasianidae,Gallus,Gallus gallus,0,0,0,0,0,1,0,0,0,1884,0,0,0,1,0,0,0,0,0,0,0,0,0,0,0,0,0,0,0,4,0,0,0,0,0,0,0,0,0,0,0,0,193,0,0,0,0,0,0,0,0,0,0,0,0,0,0,0,0,0,0,0,0,0,0,0,0,1,0,0,0,0,0,0,0,0,TCTTTACCTAATTTTCGGCACATGGGCGGGCATAGCCGGCACAGCACTTAGCCTTCTAATTCGCGCAGAACTAGGACAGCCCGGAACTCTCTTAGGAGACGATCAAATTTACAATGTAATCGTCACA
SK34_000024651,species,Phalacrocorax penicillatus,1,178,Opisthokonta,Metazoa,Chordata,Aves,Pelecaniformes,Phalacrocoracidae,Phalacrocorax,Phalacrocorax penicillatus,0,0,0,0,0,0,0,0,0,0,0,0,0,0,0,0,0,0,0,0,0,0,0,0,0,0,0,0,0,0,1,0,0,177,0,0,0,0,0,0,0,0,0,0,0,0,0,0,0,0,0,0,0,0,0,0,0,0,0,0,0,0,0,0,0,0,0,0,0,0,0,0,0,0,0,0,TCTTTACCTCATCTTCGGTGCCTGAGCCGGTATAGTCGGAACTGCCCTCAGCCTACTTATCCGTGCAGAGCTGGGCCAACCAGGGACTCTCCTAGGAGATGACCAAATCTACAACGTAATTGTCACT
SK34_000016298,species,Carcharhinus acronotus,1,42,Opisthokonta,Metazoa,Chordata,Chondrichthyes,Carcharhiniformes,Carcharhinidae,Carcharhinus,Carcharhinus acronotus,0,0,0,0,0,0,0,0,0,0,0,0,0,0,0,0,0,0,0,0,0,0,0,0,0,0,0,0,0,0,0,0,0,0,0,0,0,0,0,0,0,0,0,0,1,0,0,0,0,0,0,0,0,41,0,0,0,0,0,0,0,0,0,0,0,0,0,0,0,0,0,0,0,0,0,0,CCTTTACCTAATTTTTGGTGCATGAGCAGGTATAGTTGGAACAGCCCTAAGTCTTCTAATTCGAGCTGAACTTGGGCAACCTGGATCACTTTTAGGAGATGATCAGATCTACAATGTAATCGTAACC
SK34_000032903,species,Carcharhinus albimarginatus,1,25,Opisthokonta,Metazoa,Chordata,Chondrichthyes,Carcharhiniformes,Carcharhinidae,Carcharhinus,Carcharhinus albimarginatus,0,0,0,0,0,0,0,0,0,0,0,0,0,0,0,0,0,0,0,0,0,0,0,0,0,0,0,0,0,0,0,0,0,0,0,0,0,0,0,0,0,0,0,0,0,0,0,0,0,0,0,0,0,0,0,0,0,0,0,0,0,0,0,0,0,0,0,25,0,0,0,0,0,0,0,0,CCTTTACCTGATTTTCGGTGCATGAGCAGGTATAGTTGGAACAGCCCTAAGTCTCCTAATTCGAGCTGAACTTGGGCAACCTGGGTCACTCTTAGGGGATGATCAGATTTACAATGTAATCGTAACC
SK34_000001600,genus,Carcharhinus amblyrhynchos/limbatus_Caribbean,1,146,Opisthokonta,Metazoa,Chordata,Chondrichthyes,Carcharhiniformes,Carcharhinidae,Carcharhinus,Carcharhinus amblyrhynchos/limbatus_Caribbean,0,3,0,0,0,1,0,0,0,0,0,0,0,0,1,0,0,0,1,0,1,0,0,0,0,0,35,0,1,0,4,4,0,3,0,1,0,6,3,0,0,0,0,2,2,0,0,0,0,0,0,0,78,0,0,0,0,0,0,0,0,0,0,0,0,0,0,0,0,0,0,0,0,0,0,0,CCTTTACCTGATTTTTGGTGCATGAGCAGGTATAGTTGGAACAGCCCTAAGTCTCCTAATTCGAGCTGAACTTGGGCAACCTGGATCACTTTTAGGGGATGATCAGATTTATAATGTAATCGTAACT
SK34_000001600b,genus,Carcharhinus amblyrhynchos/limbatus_Pacific,1,13934,Opisthokonta,Metazoa,Chordata,Chondrichthyes,Carcharhiniformes,Carcharhinidae,Carcharhinus,Carcharhinus amblyrhynchos/limbatus_Pacific,0,0,0,0,0,0,0,0,0,0,0,0,0,0,0,0,0,0,0,0,0,0,0,0,0,0,0,0,0,0,0,0,0,0,0,0,0,0,0,0,0,0,0,0,0,0,0,0,0,0,0,0,0,0,34,0,0,2,162,0,456,0,3,31,0,2,98,362,3,2,3810,86,4779,83,4018,3,CCTTTACCTGATTTTTGGTGCATGAGCAGGTATAGTTGGAACAGCCCTAAGTCTCCTAATTCGAGCTGAACTTGGGCAACCTGGATCACTTTTAGGGGATGATCAGATTTATAATGTAATCGTAACT
SK34_000032511,genus,Carcharhinus amblyrhynchos/limbatus/leiodon,1,566,Opisthokonta,Metazoa,Chordata,Chondrichthyes,Carcharhiniformes,Carcharhinidae,Carcharhinus,Carcharhinus amblyrhynchos/limbatus/leiodon,0,0,0,0,0,0,0,0,0,0,0,0,0,0,0,0,0,0,0,0,0,0,0,0,0,0,1,0,0,0,0,0,0,0,0,0,0,0,0,0,0,0,0,0,0,0,0,0,0,0,0,0,2,0,2,0,0,0,11,0,24,0,0,7,0,0,2,16,0,0,120,3,160,5,213,0,CCTTTACCTGATTTTTGGTGCATGAGCAGGTATAGTTGGAACAGCCCTAAGTCTCCTAATTCGAGCTGAACTTGGGCAACCTGGATCACTTTTAGGGGATGATCAGATTTATAGTGTAATCGTAACG
SK34_000032520,genus,Carcharhinus brachyurus/perezii,1,13,Opisthokonta,Metazoa,Chordata,Chondrichthyes,Carcharhiniformes,Carcharhinidae,Carcharhinus,Carcharhinus brachyurus/perezii,0,0,0,0,0,0,0,0,0,0,0,0,0,0,0,0,0,0,0,0,0,0,0,0,0,0,0,0,0,0,0,0,0,0,0,0,0,0,0,0,0,0,0,0,0,0,0,0,0,0,0,0,0,2,0,0,0,0,0,0,0,0,0,0,0,0,0,0,0,0,0,0,10,0,1,0,CCTTTACCTGATTTTTGGTGCATGAGCAGGTATAGTTGGAACAGCCCTAAGCCTCCTAATTCGAGCTGAACTTGGGCAACCTGGATCACTTTTAGGAGATGATCAGATCTACAATGTAATCGTAACC
SK34_000020666,species,Carcharhinus falciformis,0.9528,54,Opisthokonta,Metazoa,Chordata,Chondrichthyes,Carcharhiniformes,Carcharhinidae,Carcharhinus,Carcharhinus falciformis,0,0,0,0,0,0,0,0,0,0,0,0,0,0,0,0,0,0,0,0,0,0,0,0,0,0,0,0,0,0,0,0,0,0,0,0,0,0,0,0,0,0,0,0,0,0,0,0,0,0,0,0,0,0,0,0,0,0,0,0,16,4,0,0,0,0,0,0,0,0,5,8,0,1,5,15,CCTTTACCTGATTTTTGGTTCATGATCAGGTATAGTTGGAACAGCCCTAAGCCACCTAATGCGAGCTGAGCTTGGGCAACCTGGAACACTTTTAGGAGATGATCAGATTTACAATGTAATCGTAACA
SK34_000018684,genus,Carcharhinus falciformis/acronotus,0.9843,2,Opisthokonta,Metazoa,Chordata,Chondrichthyes,Carcharhiniformes,Carcharhinidae,Carcharhinus,Carcharhinus falciformis/acronotus,0,0,0,0,0,0,0,0,0,0,0,0,0,0,0,0,0,0,0,0,0,0,0,0,0,0,0,0,0,0,0,0,0,0,0,0,0,0,0,0,0,0,0,0,0,0,0,0,0,0,0,0,0,1,0,0,0,0,0,0,0,0,0,0,0,0,0,0,0,0,0,0,0,0,0,1,CCTTTACCTAATTTTTGGTGCATGAGCAGGTATAGTTGGAACAGCCCTAAGTCTTCTAATTCGAGCTGAGCTTGGGCAACCTGGATCACTTTTAGGAGATGATCAGATTTACAATGTAATCGTAACC
SK34_000016145,species,Carcharhinus leucas,1,67,Opisthokonta,Metazoa,Chordata,Chondrichthyes,Carcharhiniformes,Carcharhinidae,Carcharhinus,Carcharhinus leucas,0,0,0,0,0,0,0,0,0,0,0,0,0,0,0,0,0,0,0,0,0,0,0,0,0,0,0,0,0,0,0,0,0,0,0,0,0,0,0,0,0,0,45,0,0,0,0,0,0,0,0,0,14,0,0,0,5,0,0,0,0,0,0,3,0,0,0,0,0,0,0,0,0,0,0,0,CCTTTATCTGATTTTTGGTGCATGAGCAGGTATAGTTGGTACAGCCCTAAGTCTCCTAATTCGAGCTGAACTTGGACAACCTGGATCACTTTTAGGAGATGATCAGATCTACAATGTAATCGTAACC
SK34_000026193,genus,Carcharhinus melanopterus/cautus,1,142,Opisthokonta,Metazoa,Chordata,Chondrichthyes,Carcharhiniformes,Carcharhinidae,Carcharhinus,Carcharhinus melanopterus/cautus,0,0,0,0,0,0,0,0,0,0,0,0,0,0,0,0,0,0,0,0,0,0,0,0,0,0,0,0,0,0,0,0,0,0,0,0,0,0,0,0,0,0,0,0,0,0,0,0,0,0,0,0,0,0,0,1,0,0,0,0,0,0,0,0,0,0,77,0,0,0,0,0,64,0,0,0,CCTTTACCTGATTTTTGGTGCATGAGCAGGCATAGTCGGAACAGCTCTTAGTCTACTAATTCGAGCTGAACTTGGACAACCTGGATCACTTTTAGGGGATGATCAGATTTATAATGTAATCGTAACC
SK34_000032144,genus,Carcharhinus obscurus/macloti/longimanus/galapagensis,0.9921,61,Opisthokonta,Metazoa,Chordata,Chondrichthyes,Carcharhiniformes,Carcharhinidae,Carcharhinus,Carcharhinus obscurus/macloti/longimanus/galapagensis,0,0,0,0,0,0,0,0,0,0,0,0,0,0,1,0,0,0,0,0,0,0,0,0,0,0,0,0,0,0,0,1,0,0,0,0,0,0,0,1,0,0,0,0,0,0,0,0,0,0,0,0,2,0,0,0,0,0,0,0,9,0,0,2,0,0,0,0,0,0,5,0,24,0,16,0,CCTTTACCTGATTTTTGGTGCATGAGCAGGTATAGTTGGAACAGCCCTAAGTCTCCTAATTCGAGCTGAACTTGGGCAACCTGGATCACTTTTAGGAGATGATCAGATTTACAATGTAATCGTAACC
SK34_000004185,genus,Carcharhinus perezii/falciformis_Caribbean,1,1045,Opisthokonta,Metazoa,Chordata,Chondrichthyes,Carcharhiniformes,Carcharhinidae,Carcharhinus,Carcharhinus perezii/falciformis_Caribbean,0,0,0,0,0,0,0,1,0,0,0,0,0,0,0,0,0,0,0,0,0,0,0,0,0,0,0,0,0,0,1,0,0,0,0,12,0,0,12,1,0,0,1,0,0,1,0,1,0,0,0,0,424,591,0,0,0,0,0,0,0,0,0,0,0,0,0,0,0,0,0,0,0,0,0,0,CCTTTACCTGATTTTTGGTGCATGAGCAGGTATAGTTGGAACAGCCCTAAGCCTCCTAATTCGAGCTGAGCTTGGGCAACCTGGATCACTTTTAGGAGATGATCAGATTTACAATGTAATCGTAACC
SK34_000004185b,genus,Carcharhinus perezii/falciformis_Pacific,1,206,Opisthokonta,Metazoa,Chordata,Chondrichthyes,Carcharhiniformes,Carcharhinidae,Carcharhinus,Carcharhinus perezii/falciformis_Pacific,0,0,0,0,0,0,0,0,0,0,0,0,0,0,0,0,0,0,0,0,0,0,0,0,0,0,0,0,0,0,0,0,0,0,0,0,0,0,0,0,0,0,0,0,0,0,0,0,0,0,0,0,0,0,0,0,0,57,0,0,0,0,0,86,0,0,0,0,0,0,0,0,63,0,0,0,CCTTTACCTGATTTTTGGTGCATGAGCAGGTATAGTTGGAACAGCCCTAAGCCTCCTAATTCGAGCTGAGCTTGGGCAACCTGGATCACTTTTAGGAGATGATCAGATTTACAATGTAATCGTAACC
SK34_000029560,species,Carcharhinus plumbeus,1,186,Opisthokonta,Metazoa,Chordata,Chondrichthyes,Carcharhiniformes,Carcharhinidae,Carcharhinus,Carcharhinus plumbeus,0,0,0,0,0,0,0,0,0,0,0,0,0,0,0,0,0,0,0,0,0,0,0,0,0,0,0,0,0,0,0,0,0,0,0,0,0,0,0,0,0,0,0,0,0,0,0,0,0,0,0,0,0,0,0,0,0,0,0,0,0,0,0,0,0,0,0,0,186,0,0,0,0,0,0,0,CCTTTACCTGATTTTTGGTGCATGAGCAGGTATAGTTGGAACAGCCCTAAGTCTCCTAATTCGAGCTGAACTTGGACAACCTGGATCACTTTTAGGGGATGATCAGATTTATAATGTAATTGTAACC
SK34_000031760,genus,Carcharhinus plumbeus/altimus/sorrah,0.9843,11,Opisthokonta,Metazoa,Chordata,Chondrichthyes,Carcharhiniformes,Carcharhinidae,Carcharhinus,Carcharhinus plumbeus/altimus/sorrah,0,0,0,0,0,0,0,0,0,0,0,0,0,0,0,0,0,0,0,0,0,0,0,0,0,0,0,0,0,0,0,0,0,0,0,0,0,0,0,0,0,0,0,0,0,0,0,0,0,0,0,0,0,0,0,0,0,0,0,0,0,0,0,0,0,0,0,0,7,0,0,0,3,0,0,1,CCTTTACCTGATTTTTGGTGCATGAGCAGGTATAGTTGGAACAGCCCTAAGTCTCCTAATTCGAGCTGAACTTGGACAACCTGGATCACTTTTAGGGGATGATCAGATTTATAATGTAATCGTAACC
SK34_000031815,species,Carcharhinus sorrah,0.9764,1,Opisthokonta,Metazoa,Chordata,Chondrichthyes,Carcharhiniformes,Carcharhinidae,Carcharhinus,Carcharhinus sorrah,0,0,0,0,0,0,0,0,0,0,0,0,0,0,0,0,0,0,0,0,0,0,0,0,0,0,0,0,0,0,0,0,0,0,0,0,0,0,0,0,0,0,0,0,0,0,0,0,0,0,0,0,0,0,0,0,0,0,0,0,0,0,0,0,0,0,0,0,0,0,0,0,0,0,0,1,TTTACCTGATTTTTGGTGCATGAGCAGGTATAGTTGGAACAGCCCTAAGTCTCCTAATTCGAGCTGAACTTGGACAACCTGGATCTCTTTTAGGAGATGATCAGATTTATAATGTAATCGTAACC
SK34_000000590,species,Galeocerdo cuvier,1,16,Opisthokonta,Metazoa,Chordata,Chondrichthyes,Carcharhiniformes,Carcharhinidae,Galeocerdo,Galeocerdo cuvier,0,0,0,0,0,0,0,0,0,0,0,0,0,0,0,0,0,0,0,0,0,0,0,0,0,0,0,0,0,0,0,0,0,0,0,0,0,0,0,0,0,0,0,0,0,0,0,0,0,0,16,0,0,0,0,0,0,0,0,0,0,0,0,0,0,0,0,0,0,0,0,0,0,0,0,0,CCTTTATCTTATTTTTGGTGCATGAGCAGGTATAGTTGGAACAGCTCTAAGTCTTCTAATTCGAGCTGAACTCGGACAACCAGGATCACTCTTAGGGGACGATCAAATCTATAATGTAATCGTAACT
SK34_000002362,genus,Negaprion brevirostris/acutidens_Caribbean,1,91,Opisthokonta,Metazoa,Chordata,Chondrichthyes,Carcharhiniformes,Carcharhinidae,Negaprion,Negaprion brevirostris/acutidens_Caribbean,0,0,0,0,0,0,0,0,0,0,0,2,0,0,0,1,0,0,0,0,0,1,0,0,0,0,68,1,0,0,1,1,0,0,0,0,4,0,0,0,0,0,1,4,3,0,2,0,0,0,0,0,1,1,0,0,0,0,0,0,0,0,0,0,0,0,0,0,0,0,0,0,0,0,0,0,CCTTTACTTGATTTTTGGTGCATGAGCAGGTATAGTTGGAACAGCCCTTAGTCTTTTGATTCGGGCTGAACTTGGCCAACCTGGATCACTTTTAGGGGATGACCAAATTTATAATGTAATCGTAACT
SK34_000002362b,genus,Negaprion brevirostris/acutidens_Pacific,1,366,Opisthokonta,Metazoa,Chordata,Chondrichthyes,Carcharhiniformes,Carcharhinidae,Negaprion,Negaprion brevirostris/acutidens_Pacific,0,0,0,0,0,0,0,0,0,0,0,0,0,0,0,0,0,0,0,0,0,0,0,0,0,0,0,0,0,0,0,0,0,0,0,0,0,0,0,0,0,0,0,0,0,0,0,0,0,0,0,0,0,0,0,2,0,0,0,0,0,0,0,259,0,0,1,2,0,0,0,0,102,0,0,0,CCTTTACTTGATTTTTGGTGCATGAGCAGGTATAGTTGGAACAGCCCTTAGTCTTTTGATTCGGGCTGAACTTGGCCAACCTGGATCACTTTTAGGGGATGACCAAATTTATAATGTAATCGTAACT
SK34_000032070,genus,Rhizoprionodon porosus/terraenovae,1,32,Opisthokonta,Metazoa,Chordata,Chondrichthyes,Carcharhiniformes,Carcharhinidae,Rhizoprionodon,Rhizoprionodon porosus/terraenovae,0,0,0,0,0,0,0,0,0,0,0,0,0,0,0,0,0,0,0,0,0,0,0,0,0,0,0,0,0,0,0,0,0,0,0,0,0,0,0,0,0,0,0,0,0,0,0,0,0,0,0,0,32,0,0,0,0,0,0,0,0,0,0,0,0,0,0,0,0,0,0,0,0,0,0,0,CCTTTACTTAATTTTTGGTGCATGGGCAGGTATAGTTGGAACAGCCCTAAGTCTCCTAATTCGAGCCGAACTCGGTCAACCTGGATCTCTCTTAGGAGATGATCAGATTTATAATGTGATCGTAACT
SK34_000002668,species,Triaenodon obesus,1,3718,Opisthokonta,Metazoa,Chordata,Chondrichthyes,Carcharhiniformes,Carcharhinidae,Triaenodon,Triaenodon obesus,0,0,0,0,0,0,0,0,0,0,0,0,0,0,0,0,0,0,0,0,0,0,0,0,0,0,0,0,0,0,0,0,0,0,0,0,0,0,0,0,0,0,0,0,0,0,0,0,0,0,0,0,0,0,0,0,0,0,0,0,0,1445,0,0,0,0,0,3,0,0,1,0,0,0,0,2269,CCTTTACCTAATTTTTGGTGCATGAGCAGGTATAGTTGGAACAGCCCTAAGTCTCCTAATTCGAGCTGAACTTGGACAACCTGGATCTCTTTTAGGAGATGATCAGATCTATAATGTAATCGTAACC
SK34_000016015,species,Sphyrna mokarran,1,787,Opisthokonta,Metazoa,Chordata,Chondrichthyes,Carcharhiniformes,Sphyrnidae,Sphyrna,Sphyrna mokarran,0,0,0,0,0,0,0,0,0,0,0,0,0,0,0,0,0,0,0,0,0,0,0,0,0,0,0,0,0,0,0,1,0,0,0,0,0,0,0,0,0,0,1,0,738,1,2,1,0,0,0,0,0,3,0,0,0,0,0,0,0,0,0,40,0,0,0,0,0,0,0,0,0,0,0,0,CCTTTACCTAATTTTTGGTGCATGAGCAGGTATAGTTGGAACAGCCCTAAGTCTTTTAATTCGAGCTGAACTTGGGCAACCAGGATCCCTTTTAGGAGATGATCAGATTTACAATGTAATTGTAACC
SK34_000016134,species,Dasyatis americana,0.9921,23,Opisthokonta,Metazoa,Chordata,Chondrichthyes,Myliobatiformes,Dasyatidae,Dasyatis,Dasyatis americana,0,0,0,0,0,0,0,0,0,2,0,1,0,0,0,0,0,0,0,0,0,0,0,0,0,10,8,0,0,0,0,1,0,1,0,0,0,0,0,0,0,0,0,0,0,0,0,0,0,0,0,0,0,0,0,0,0,0,0,0,0,0,0,0,0,0,0,0,0,0,0,0,0,0,0,0,CCTTTATTTAGTCTTTGGTGCATGAGCAGGGATAGTGGGTACTGGTCTTAGCCTATTAATCCGGACAGAATTAAGTCAACCAGGCGCATTACTAGGGGATGACCAAATCTACAACGTAATCGTCACC
SK34_000000436,species,Stegostoma fasciatum,1,8,Opisthokonta,Metazoa,Chordata,Chondrichthyes,Orectolobiformes,Stegostomatidae,Stegostoma,Stegostoma fasciatum,0,0,0,0,0,0,0,0,0,0,0,0,0,0,0,0,0,0,0,0,0,0,0,0,0,0,0,0,0,0,0,0,0,0,0,0,0,0,0,0,0,0,0,0,0,0,0,0,0,0,0,0,0,0,0,0,0,0,0,0,0,0,0,0,0,0,2,0,0,0,6,0,0,0,0,0,CCTTTACCTGATTTTTGGTGCATGAGCAGGAATAGTAGGACTAGCTCTTAGCCTTTTAATCCGAGCTGAACTAAGCCAACCTGGGTCTCTCTTAGGAGATGATCAGATTTACAATGTGATTGTAACA
SK34_000016095,order,Cetacea,0.8583,136,Opisthokonta,Metazoa,Chordata,Mammalia,Cetacea,,,,0,0,0,0,0,0,0,0,0,0,0,0,0,0,0,0,0,0,0,0,0,0,0,0,0,0,0,0,0,0,0,0,0,0,1,30,0,0,33,0,0,0,0,0,0,0,0,0,0,0,0,0,0,0,0,0,0,0,0,0,0,0,0,72,0,0,0,0,0,0,0,0,0,0,0,0,CATATACTTACTATTTGGCGTCTGAGCCGGAATGGTGGGCACTGGCCTAAGCTTATTAATTCGTGCTGAACTAGGCCAACCCGGCACACTGCTCGGAGACGACCAAATTTACAATGTGCTAGTAACA
SK34_000000003,species,Homo sapiens,1,14162,Opisthokonta,Metazoa,Chordata,Mammalia,Primates,Hominidae,Homo,Homo sapiens,0,0,2204,218,0,0,69,426,1,572,0,413,0,0,0,2,0,0,1,91,0,0,2,1,5,22,0,1,0,505,3,87,414,98,657,24,88,795,1364,4,0,4,42,83,306,32,1,2,1,0,1,1,64,92,0,0,3,475,772,0,0,527,0,292,0,30,0,225,0,0,0,1256,142,281,390,1073,ACTATACCTATTATTCGGCGCATGAGCTGGAGTCCTAGGCACAGCTCTAAGCCTCCTTATTCGAGCCGAGCTGGGCCAGCCAGGCAACCTTCTAGGTAACGACCACATCTACAACGTTATCGTCACA
SK34_000000074,species,Hydrozoa sp. prey of Macellomenia sp. KMK-2014,0.8615,183,Opisthokonta,Metazoa,Cnidaria,,,,,,0,0,0,0,0,0,0,0,0,182,0,0,0,0,0,0,0,0,0,0,0,0,0,0,0,0,0,0,0,0,0,0,0,0,0,0,0,0,1,0,0,0,0,0,0,0,0,0,0,0,0,0,0,0,0,0,0,0,0,0,0,0,0,0,0,0,0,0,0,0,0,0,0,0,0,0,TTTATATCTATTATTTGGTGCATTTGCAGGTTGTGTAGGAACAGCCTTTAGTGTATTAATTAGATTAGAATTATCAGCTCCTGGAGCAGCATTTTTAGCAGGTGATTTTCAATTATATAATGTTATCGTTACA
SK34_000032166,no rank,Gnathostomata,0.8702,17,Opisthokonta,Metazoa,Echinodermata,Echinoidea,,,,,0,0,0,0,0,0,0,0,0,1,0,0,0,0,0,0,0,0,0,0,0,0,0,0,0,0,0,0,1,0,0,0,0,0,0,0,0,0,0,0,0,0,0,0,0,0,0,0,0,0,0,0,12,2,0,0,0,0,0,0,0,0,0,1,0,0,0,0,0,0,0,0,0,0,0,0,ACTATATATTTTATTCGGCATATGGTCTGGGCTAGTTGGGACCGCTTTAAGACTGCTTATCCGTGCAGAATTAGGCCAGCCTGGGGCACTTTTAGGGGATGACCAACTTTACAACGTTATTGTAACA
SK34_000004416,phylum,Hemichordata,1,1138,Opisthokonta,Metazoa,Hemichordata,,,,,,0,0,1,0,0,0,0,0,0,0,0,0,0,0,0,0,0,0,0,0,0,0,0,0,0,227,0,0,1,0,0,0,0,0,0,0,0,879,0,0,0,0,29,0,0,0,0,0,1,0,0,0,0,0,0,0,0,0,0,0,0,0,0,0,0,0,0,0,0,0,0,0,0,0,0,0,CCTTTACTTCCTACTAGGTGCCTGAGCAGGCATGATCGGGACAGGACTCAGCATCCTCATCCGAGCGGAACTAGCTCAGCCCGGCCCACTTCTGGGAGACGATCAGATCTACAACGTTATAGTAACA
SK34_000000360,species,Callyspongia plicifera,0.9606,56,Opisthokonta,Metazoa,Porifera,Demospongiae,Haplosclerida,Callyspongiidae,Callyspongia,Callyspongia plicifera,0,0,0,18,0,0,0,0,6,22,0,4,0,2,0,0,0,3,0,0,0,0,0,0,0,0,0,0,0,0,0,0,0,0,0,0,0,0,0,0,0,0,0,0,0,0,0,0,0,0,0,0,0,0,0,0,0,0,0,0,0,0,0,0,0,0,0,0,0,0,0,0,0,0,0,1,CCTTTATTTGTTATTTGGGGCTTTCGCGGGTATGATAGGGACAGCATTCAGTATGCTTATTAGACTAGAATTATCCGCCCCAGGTTCAATGTTAGGGGACGACCACCTATATAATGTAATAGTTACA
SK34_000016077,species,Halichondria melanadocia,1,250,Opisthokonta,Metazoa,Porifera,Demospongiae,Suberitida,Halichondriidae,Halichondria,Halichondria melanadocia,0,0,0,0,0,0,0,0,0,0,0,0,0,0,0,0,0,0,0,0,0,1,66,1,61,0,0,0,73,1,0,0,0,0,0,1,0,0,1,0,0,0,0,0,0,1,0,0,0,0,0,0,0,1,0,0,0,0,0,0,0,0,0,43,0,0,0,0,0,0,0,0,0,0,0,0,TCTTTATTTATTGTTTGGGGCTTTTGCTGGAATGATCGGGACAGCTTTTAGCATGTTAATAAGATTAGAGCTATCAGCCCCGGGTTCAATGCTTGGCGATGATCATTTATATAATGTAATAGTAACA
SK34_000029653,subclass,Heteroscleromorpha,0.812,7,Opisthokonta,Metazoa,Porifera,Demospongiae,,,,,0,0,0,0,0,0,0,0,0,0,0,0,0,0,0,0,0,0,0,0,0,0,0,0,0,0,0,0,0,0,0,0,0,0,0,0,0,0,0,0,0,0,0,0,0,0,0,0,0,0,0,0,0,0,0,0,0,0,0,0,0,0,0,0,0,0,0,0,0,0,0,0,0,7,0,0,CTTATATTTATTATTTGGGGGTTTTGCCGGCATGATTGGCACAGCATTTAGTATGTTAATTAGATTAGAGCTTTCTGCACCAGGAAGCATGTTAGGGGACGATCATTTATATAATGTTATAGTGACA
SK34_000000019,no rank,Bilateria,0.814,3753,Opisthokonta,Metazoa,,,,,,,0,0,0,0,0,0,0,5,441,2129,2,0,0,2,0,1,0,0,1,0,0,0,22,0,62,0,0,0,19,1,0,555,0,1,201,0,0,0,5,165,0,0,1,0,20,0,0,0,2,0,1,0,8,7,0,0,1,0,0,1,0,0,0,39,0,1,0,7,0,0,0,0,2,29,17,2,ATTATACTTTATTTTCGGGGCCTGGGCCGGAATAGTAGGGACCGGCCTAAGACTCTTAATTCGAGCTGAGCTAGGACAACCAGGTAGATTGATCGGAAATGATCAAATCTACAACGTTATCGTTACA
SK34_000027389,no rank,Deuterostomia,0.7727,1,Opisthokonta,Metazoa,,,,,,,0,0,0,0,0,0,0,0,0,0,0,0,0,0,0,0,0,0,0,0,0,0,0,0,0,0,0,0,0,0,0,0,0,0,0,0,0,1,0,0,0,0,0,0,0,0,0,0,0,0,0,0,0,0,0,0,0,0,0,0,0,0,0,0,0,0,0,0,0,0,0,0,0,0,0,0,CCTTTACTTCCTTCTAGGTGCCTGAGCAGGCATGATTGGGGCAGGACTCAGCATTCTCATCCGAGCGGAACTAGCCCAGACCGGCCCACACCTGGGATACGATCAGATGTACAACGTTTTAGTACCA
SK34_000024617,no rank,Eumetazoa,0.7923,144,Opisthokonta,Metazoa,,,,,,,0,0,0,0,0,0,0,0,1,54,0,0,0,0,0,0,0,0,0,0,0,0,1,0,0,0,0,0,0,1,0,4,76,0,1,0,0,3,0,0,0,0,0,0,0,0,0,0,0,0,2,0,0,0,0,0,0,0,0,0,0,0,0,0,0,0,0,0,0,0,0,0,0,1,0,0,GCTTTATTTCGTATTAGGCATCTGAGGAGGCCTTTTAGGTACCGCAATAAGAGTAATAATTCGTACAGAACTCGGCGCACCAGGCCTCTACATAGATGCACAAGCCTATAACACAGTCGTTACC
SK34_000000638,kingdom,Metazoa,0.7846,1113,Opisthokonta,Metazoa,,,,,,,0,0,0,0,0,1,0,0,0,18,0,0,24,1,0,0,0,7,0,1,0,0,0,0,0,0,0,0,0,3,0,348,1,4,160,0,0,450,0,1,0,0,0,18,3,1,2,1,0,17,25,0,1,22,0,0,0,0,0,0,0,0,0,3,0,0,0,1,0,0,0,0,0,0,0,0,CCTTTATTTAATTTTTGGGGCTTTCTCGGGGGTGTTAGGAACCGCTTTCTCGATGCTTATTCGTCTAGAACTTGCGCAACCTGGCAACCAAATTTTAGATGGAAACTATCAGCTGTATAATGTTATTATTACC
SK34_000031419,no rank,Protostomia,0.7656,1,Opisthokonta,Metazoa,,,,,,,0,0,0,0,0,0,0,0,0,0,0,0,0,0,0,0,0,0,0,0,0,0,0,0,0,0,0,0,0,0,0,0,0,0,0,0,0,0,0,0,0,0,0,0,0,0,0,0,0,0,0,0,0,0,0,0,0,0,0,0,0,0,0,0,0,0,0,0,0,0,0,0,0,0,0,1,ATTATATTTCATCTTCGGCCTATGGGCTGGTATAACAGGCAGAGGTTTAAGTGCTCTTATTCGAGTTGAATTAGGACAGCCTGGAAGACTGATGGGGAATGATCAATTATATAATGTAATTGTGACA
SK34_000006086,superkingdom,Opisthokonta,0.7328,1,Opisthokonta,,,,,,,,0,0,0,0,0,0,0,0,0,0,0,0,0,0,0,0,0,1,0,0,0,0,0,0,0,0,0,0,0,0,0,0,0,0,0,0,0,0,0,0,0,0,0,0,0,0,0,0,0,0,0,0,0,0,0,0,0,0,0,0,0,0,0,0,0,0,0,0,0,0,0,0,0,0,0,0,TTTATATCTTTTATTCGGAGCCTGAGCAGGTACCGTTGGCACCGCCATGAGTAATATTATTCGAGTAGAGTTATCACAGCCAGGCTCTCTTATTCAAGACGACCAACTATATAACATAATTGTTACC
SK34_000000100,superkingdom,Eukaryota,0.8295,947,,,,,,,,,0,0,0,0,0,0,0,1,1,5,0,0,0,0,0,0,0,1,1,0,0,0,47,0,1,1,1,0,90,0,0,6,6,1,35,0,0,44,0,0,0,1,52,4,2,0,0,0,0,0,493,0,0,2,0,0,1,62,0,0,0,0,0,84,0,0,1,0,0,0,0,0,0,3,1,0,ACTATACTTCATCTTTGGAGCCTGGGCTGGAATAGTAGGGACTGCCTTAAGTCTTCTAATTCGAGCAGAACTCGGCCAGCCAGGAAGACTGATCGGAAATGATCAGATTTACAACGTTATTGTCACA
SK34_000000104,no rank,root,0.8062,65548,,,,,,,,,0,883,223,2931,1,2,159,1459,1348,5675,1,136,256,2952,0,11,1,1866,4,372,367,13,355,7,1394,2426,279,6,391,1416,4,2816,698,4225,4272,183,86,4497,225,546,0,10,1706,1837,1620,15,102,1453,9,89,223,2,1156,2150,110,114,17,1474,1898,3,285,7,7,1682,16,1068,48,277,0,0,10,148,66,2267,1399,1793,CAAGACGCGCAAACGCTTCAACCCGGGGGGCTGATCAACGATCGACAGCGTTGCACCATCGCTGCTACAGCAGCGGGACCGGCAGCGGCTCGATCTCAGCAACTCATGTCTCGGTACAAGTCAGCAACC
